State,Year,Births,ChronicHypertensionBirths,DiabetesBirths,EnclampsiaBirths,Pregnancy-AssociatedHypertensionBirths,TobaccoUseBirths,HospitalBirths,BirthCenterBirths,ResidenceBirths,MD_Delivery,DO_Delivery,CNM_Delivery,OtherMidwife_Delivery,Other_Delivery_Attendant,Vaginal_Delivery,Cesarean_Delivery,Married,Unmarried,NoPrenatalCare,1stMonthInitialCare,2ndMonthInitialCare,3rdMonthInitialCare,4thMonthInitialCare,5thMonthInitialCare,6thMonthInitialCare,7thMonthInitialCare,8thMonthInitialCare,9thMonthInitialCare,UnknownInitialCare,NotReportedInitialCare,Under20Weeks,20-27Weeks,28-31Weeks,32-35Weeks,36Weeks,37-39Weeks,40Weeks,41Weeks,42PlusWeeks
Arizona,2010,87477,769.0,3694.0,769.0,3441.0,0.0,86346.0,437,663.0,72469,8937.0,5249,642.0,177,63343.0,23629.0,48183.0,39294,0.0,0.0,0.0,0,0,0.0,0.0,0,0,0.0,0,87477.0,42.0,465,667.0,3579,3697.0,55528,18468,4671.0,337
Arizona,2011,85543,711.0,4014.0,772.0,3599.0,0.0,84380.0,454,679.0,71480,8295.0,4825,752.0,178,61655.0,23449.0,47316.0,38227,0.0,0.0,0.0,0,0,0.0,0.0,0,0,0.0,0,85543.0,41.0,546,618.0,3421,3354.0,54646,18076,4482.0,321
Arizona,2012,86441,807.0,4452.0,634.0,3903.0,0.0,85177.0,505,724.0,71309,8526.0,5617,781.0,199,62591.0,23405.0,47122.0,39319,0.0,0.0,0.0,0,0,0.0,0.0,0,0,0.0,0,86441.0,54.0,480,688.0,3476,3290.0,55425,18265,4441.0,271
Arizona,2013,85600,956.0,4919.0,604.0,4791.0,0.0,84450.0,459,672.0,70436,8545.0,5568,802.0,235,61799.0,23347.0,46725.0,38875,0.0,0.0,0.0,0,0,0.0,0.0,0,0,0.0,0,85600.0,49.0,437,641.0,3430,3218.0,54667,18067,4787.0,261
Arizona,2014,86887,1039.0,6126.0,341.0,4567.0,4675.0,85628.0,511,702.0,71286,9011.0,6252,90.0,238,62741.0,24146.0,47663.0,39224,1862.0,8553.0,34117.0,20467,8059,4513.0,2887.0,2258,1730,794.0,1627,0.0,35.0,474,664.0,3440,3206.0,55382,17920,5388.0,290
Arizona,2015,85351,972.0,7224.0,150.0,5118.0,4484.0,84090.0,492,716.0,68443,10016.0,6551,90.0,236,61834.0,23516.0,46489.0,38862,1888.0,7053.0,33852.0,20815,7952,4439.0,2806.0,2308,1785,747.0,1688,0.0,34.0,416,671.0,3389,3214.0,54675,17381,5197.0,286
Arizona,2016,84520,975.0,7188.0,160.0,5275.0,4076.0,83081.0,582,775.0,66639,10808.0,6685,57.0,310,61297.0,23220.0,46467.0,38053,2041.0,5683.0,33533.0,21208,7760,4402.0,2915.0,2313,1885,828.0,1941,0.0,30.0,452,637.0,3331,3204.0,54292,17118,5133.0,231
Arizona,2017,81872,1064.0,7114.0,146.0,5523.0,3910.0,80473.0,607,706.0,63809,11020.0,6694,79.0,253,59884.0,21986.0,45160.0,36604,2365.0,4854.0,32382.0,20823,7643,4272.0,2851.0,2222,1814,769.0,1860,0.0,25.0,437,628.0,3342,3146.0,52693,16335,4930.0,213
Arizona,2018,80723,1133.0,7785.0,130.0,6224.0,3702.0,79284.0,702,667.0,63036,10562.0,6825,54.0,220,58521.0,22199.0,44427.0,36180,2268.0,4429.0,31699.0,21335,7490,4175.0,2731.0,2380,1950,837.0,1413,0.0,18.0,446,663.0,3394,3152.0,52934,15417,4413.0,190
Arizona,2019,79375,1207.0,7769.0,116.0,6357.0,3526.0,78020.0,584,706.0,60269,11056.0,7671,32.0,338,57330.0,22039.0,43435.0,35833,2084.0,3900.0,30735.0,20727,7392,4147.0,2874.0,2478,2122,931.0,1972,0.0,23.0,394,648.0,3279,3091.0,52862,14868,3998.0,160
Arizona,2020,76947,1238.0,8273.0,105.0,6841.0,2878.0,75355.0,594,931.0,56796,10520.0,9183,57.0,383,55076.0,21870.0,42100.0,34737,1933.0,3616.0,29326.0,20765,7207,4046.0,2716.0,2306,1972,945.0,2097,0.0,24.0,405,554.0,3234,3072.0,50904,14328,4171.0,159
Arizona,2021,77916,1442.0,8696.0,138.0,7066.0,2560.0,76054.0,704,1065.0,57269,10300.0,9948,62.0,330,55545.0,22368.0,42479.0,35296,1981.0,4200.0,31809.0,20857,6722,3545.0,2605.0,2295,1766,798.0,1326,0.0,32.0,438,650.0,3475,3200.0,51526,14318,4066.0,153
Arizona,2022,78547,1479.0,8987.0,146.0,7786.0,2076.0,76557.0,728,1182.0,57276,10548.0,10212,71.0,410,56055.0,22489.0,43073.0,35302,1881.0,4325.0,31541.0,21252,6829,3779.0,2532.0,2184,1700,731.0,1785,0.0,34.0,404,627.0,3424,3240.0,51750,14481,4352.0,160
Arizona,2023,78096,1647.0,9165.0,127.0,8090.0,1706.0,76124.0,722,1157.0,56551,10739.0,10390,47.0,360,55418.0,22675.0,42440.0,35527,1892.0,3759.0,29586.0,22952,7288,3900.0,2666.0,2282,1751,693.0,1317,0.0,22.0,457,619.0,3488,3115.0,51682,14147,4321.0,168
Arkansas,2010,38540,564.0,1267.0,76.0,1692.0,0.0,38224.0,10,295.0,36457,1350.0,343,187.0,197,24829.0,13412.0,21075.0,17465,0.0,0.0,0.0,0,0,0.0,0.0,0,0,0.0,0,38540.0,13.0,265,375.0,1782,1701.0,25719,6930,1488.0,152
Arkansas,2011,38715,694.0,1582.0,64.0,1757.0,0.0,38371.0,32,319.0,36466,1464.0,349,200.0,225,25263.0,13187.0,21345.0,17370,0.0,0.0,0.0,0,0,0.0,0.0,0,0,0.0,0,38715.0,17.0,298,421.0,1798,1628.0,25691,6923,1648.0,150
Arkansas,2012,38347,643.0,1579.0,61.0,1783.0,0.0,37943.0,121,384.0,36007,1614.0,241,260.0,204,24824.0,13282.0,21022.0,17325,0.0,0.0,0.0,0,0,0.0,0.0,0,0,0.0,0,38347.0,13.0,303,380.0,1802,1492.0,25922,6600,1592.0,115
Arkansas,2013,37832,648.0,1459.0,87.0,1943.0,0.0,37381.0,138,396.0,35607,1545.0,210,269.0,181,24679.0,12958.0,20798.0,17034,0.0,0.0,0.0,0,0,0.0,0.0,0,0,0.0,0,37832.0,11.0,286,376.0,1682,1470.0,25333,6625,1738.0,132
Arkansas,2014,38511,656.0,2055.0,102.0,1846.0,5729.0,37979.0,101,381.0,35812,1964.0,186,248.0,204,26173.0,12338.0,21586.0,16925,853.0,1858.0,10228.0,9577,4206,2540.0,1544.0,1230,675,263.0,5533,0.0,17.0,261,353.0,1775,1449.0,25945,7023,1562.0,105
Arkansas,2015,38886,641.0,2088.0,91.0,2068.0,5593.0,38349.0,87,362.0,36089,2141.0,194,254.0,177,26341.0,12545.0,21384.0,17502,943.0,1510.0,11069.0,10149,3867,2232.0,1469.0,1324,728,289.0,5302,0.0,10.0,283,400.0,1891,1627.0,26373,6648,1527.0,109
Arkansas,2016,38274,694.0,2109.0,132.0,2007.0,5224.0,37753.0,71,349.0,35378,2217.0,169,258.0,236,25919.0,12354.0,21238.0,17036,1047.0,1738.0,11414.0,9954,3430,2083.0,1490.0,1522,824,298.0,4471,0.0,18.0,276,422.0,1763,1687.0,25821,6806,1397.0,70
Arkansas,2017,37520,824.0,2160.0,251.0,2106.0,5042.0,37098.0,12,292.0,34484,2414.0,158,191.0,259,24949.0,12565.0,20441.0,17072,1237.0,2447.0,12179.0,10275,3599,2025.0,1372.0,1314,729,269.0,2073,0.0,15.0,270,386.0,1886,1709.0,25585,6271,1315.0,65
Arkansas,2018,37018,827.0,2222.0,80.0,2494.0,4959.0,36580.0,10,326.0,33981,2376.0,161,219.0,269,24138.0,12876.0,20217.0,16795,924.0,958.0,13474.0,11396,3809,2160.0,1435.0,1325,779,316.0,437,0.0,19.0,256,378.0,1929,1726.0,25498,5943,1163.0,89
Arkansas,2019,36564,892.0,2423.0,77.0,2838.0,4372.0,36169.0,623,326.0,33434,2594.0,164,204.0,162,23958.0,12604.0,19451.0,17107,790.0,794.0,14242.0,10970,3586,2040.0,1409.0,1202,864,283.0,381,0.0,19.0,270,405.0,1885,1784.0,25723,5487,923.0,62
Arkansas,2020,35251,874.0,2624.0,202.0,2819.0,4061.0,34841.0,720,353.0,32224,2507.0,136,235.0,137,23330.0,11917.0,18753.0,16495,938.0,652.0,13457.0,10801,3518,1999.0,1253.0,1195,788,297.0,347,0.0,18.0,238,352.0,1922,1615.0,25282,4904,835.0,62
Arkansas,2021,35965,1088.0,2829.0,239.0,3260.0,3411.0,35471.0,748,441.0,32884,2495.0,111,281.0,188,23622.0,12339.0,19305.0,16654,1043.0,604.0,13950.0,10927,3166,1812.0,1237.0,1435,1009,417.0,363,0.0,111.0,263,422.0,1910,1714.0,25787,4907,864.0,54
Arkansas,2022,35471,1092.0,2749.0,377.0,3431.0,2801.0,34899.0,858,513.0,32523,2216.0,149,338.0,240,23532.0,11938.0,19406.0,16041,1189.0,550.0,14097.0,10434,3429,1850.0,1189.0,1242,824,306.0,358,0.0,78.0,242,365.0,1831,1717.0,25503,4842,876.0,49
Arkansas,2023,35264,1285.0,2983.0,180.0,3752.0,2267.0,34629.0,977,576.0,32179,2250.0,283,367.0,180,23342.0,11918.0,19014.0,16244,1026.0,407.0,13489.0,11531,3299,1822.0,1176.0,1164,800,316.0,233,0.0,90.0,283,340.0,1841,1777.0,25372,4699,846.0,55
California,2010,510198,2642.0,21114.0,445.0,12061.0,12048.0,506302.0,1149,2844.0,443581,17222.0,42974,1653.0,4432,341776.0,168417.0,303625.0,206573,2518.0,52420.0,208864.0,145636,41400,19452.0,11423.0,7002,4833,2354.0,14015,0.0,107.0,2673,3828.0,19433,17534.0,304381,122422,35686.0,2934
California,2011,502120,3162.0,24022.0,525.0,13255.0,11092.0,497952.0,1338,3054.0,435228,18664.0,41790,1909.0,4214,335455.0,166661.0,299431.0,202689,2406.0,48866.0,208020.0,145806,40655,18917.0,10967.0,6873,4802,2345.0,12161,0.0,92.0,2593,3894.0,19099,16970.0,301519,118645,35496.0,2726
California,2012,503755,3460.0,27914.0,566.0,14672.0,10297.0,499308.0,1413,3353.0,434627,19581.0,42515,2179.0,4500,336388.0,167365.0,301729.0,202026,2589.0,46773.0,212551.0,145865,39478,18547.0,10984.0,6877,4913,2509.0,12388,0.0,104.0,2553,3900.0,18915,16981.0,304652,118145,34951.0,2517
California,2013,494705,3659.0,29054.0,437.0,16319.0,9768.0,489897.0,1329,3527.0,421892,22256.0,43126,2399.0,4717,330328.0,164375.0,298406.0,196299,2903.0,46209.0,216004.0,139672,36975,17936.0,10546.0,7102,5116,2447.0,9607,0.0,73.0,2710,3679.0,18725,16368.0,298880,115057,35828.0,2546
California,2014,502879,3820.0,31762.0,382.0,18375.0,9199.0,497809.0,1493,3624.0,426346,23968.0,45025,2661.0,4542,338405.0,164472.0,307919.0,194960,3176.0,66922.0,242983.0,108374,31914,16467.0,10165.0,7704,5348,1675.0,8125,0.0,90.0,2645,3855.0,18703,16299.0,305140,116306,36729.0,2416
California,2015,491748,3800.0,31162.0,339.0,18586.0,8397.0,486454.0,1911,3709.0,411164,25030.0,47642,2851.0,4756,333102.0,158646.0,300758.0,190990,3173.0,62219.0,238708.0,108562,31674,15551.0,9503.0,7426,5431,1808.0,7676,0.0,80.0,2493,3789.0,18825,16389.0,297611,113653,36237.0,2116
California,2016,488827,4157.0,31869.0,389.0,19219.0,7741.0,483521.0,1972,3553.0,405221,26864.0,48898,2822.0,4684,332874.0,155952.0,301976.0,186851,3528.0,60763.0,239529.0,108621,30173,14702.0,8892.0,7094,5812,1709.0,7990,0.0,96.0,2405,3725.0,19064,16807.0,297339,111602,35499.0,1881
California,2017,471658,4554.0,33403.0,422.0,21058.0,6753.0,466260.0,1919,3520.0,386654,27423.0,49512,2912.0,4761,323580.0,148077.0,686.0,435,3999.0,57408.0,234426.0,105285,28825,13962.0,8545.0,6519,5286,1736.0,5642,0.0,77.0,2308,3601.0,18172,16736.0,287098,106574,35042.0,1716
California,2018,454920,4955.0,34335.0,420.0,22716.0,6025.0,449929.0,1560,3269.0,368707,27962.0,50535,3062.0,4281,314452.0,140464.0,0.0,0,3754.0,52655.0,229779.0,103387,27036,13233.0,7862.0,6154,4950,1592.0,4494,0.0,70.0,2298,3510.0,18019,16057.0,278659,101541,33103.0,1404
California,2019,446479,5350.0,35899.0,397.0,25353.0,4935.0,441421.0,1382,3081.0,356285,32676.0,51329,3009.0,2759,309137.0,137337.0,0.0,0,3416.0,47876.0,222516.0,107547,26980,12667.0,7466.0,6046,4954,1575.0,5415,0.0,68.0,2225,3823.0,17426,16388.0,277906,97216,30007.0,1187
California,2020,420259,6075.0,37834.0,366.0,27900.0,4152.0,414317.0,1480,3591.0,328596,33976.0,52007,3700.0,1570,292055.0,128196.0,0.0,0,3402.0,41406.0,211793.0,101828,25492,12323.0,7339.0,5121,3717,1364.0,6450,0.0,65.0,2048,3573.0,15933,15138.0,266177,89460,26640.0,1038
California,2021,420608,6788.0,39980.0,347.0,30630.0,3424.0,414052.0,1606,4079.0,326626,34338.0,53023,4327.0,1741,291206.0,129401.0,0.0,0,3627.0,37594.0,214409.0,106083,24790,11227.0,6668.0,4897,3544,1298.0,6447,0.0,93.0,2146,3909.0,16720,15598.0,268862,86176,25968.0,977
California,2022,419104,7747.0,40360.0,271.0,32715.0,2833.0,412663.0,1752,4033.0,324370,34542.0,53482,4490.0,1647,289192.0,129910.0,0.0,0,3603.0,33634.0,202233.0,113712,27431,12604.0,7127.0,5295,4010,1538.0,7890,0.0,80.0,2034,3847.0,16583,15488.0,267476,86036,26362.0,1003
California,2023,400108,8090.0,39692.0,255.0,33441.0,2201.0,394349.0,1747,3701.0,307049,34666.0,51885,4318.0,1646,273992.0,126099.0,0.0,0,3103.0,31172.0,185555.0,112959,28221,12447.0,6977.0,5236,4068,1473.0,8865,0.0,78.0,2004,4026.0,15732,14815.0,257942,80591,23718.0,940
Florida,2010,214590,3171.0,10892.0,311.0,11321.0,0.0,211774.0,1806,1304.0,175113,12392.0,23684,2106.0,1250,133469.0,81046.0,112762.0,101828,2689.0,20823.0,68010.0,56008,23283,12240.0,7503.0,4416,2944,1234.0,15264,0.0,87.0,1655,2102.0,9896,8690.0,140574,41897,8925.0,469
Florida,2011,213414,3206.0,12353.0,225.0,10604.0,14226.0,210323.0,1720,1474.0,175296,11576.0,23008,2380.0,1139,131961.0,81345.0,111869.0,101545,2584.0,21150.0,71112.0,58216,23225,11810.0,7027.0,4430,2950,1179.0,9617,0.0,71.0,1665,2085.0,9784,8404.0,140112,41575,8927.0,422
Florida,2012,213148,3148.0,12192.0,218.0,11231.0,14129.0,209779.0,1820,1619.0,175539,11486.0,22453,2587.0,1068,131816.0,81230.0,110987.0,102161,2879.0,20003.0,71301.0,59291,23608,12070.0,7170.0,4774,3336,1354.0,7201,0.0,93.0,1616,2111.0,9613,8392.0,140284,41397,9024.0,410
Florida,2013,215407,3104.0,11464.0,222.0,11246.0,14145.0,211754.0,1725,1734.0,177686,11050.0,22416,2854.0,1379,134062.0,81237.0,112021.0,103386,2850.0,21434.0,70198.0,60557,24234,11968.0,6979.0,4756,3370,1489.0,7419,0.0,90.0,1578,2089.0,9565,8275.0,141088,42608,9444.0,434
Florida,2014,219991,3001.0,11411.0,204.0,11064.0,14064.0,216171.0,1629,1891.0,180951,11702.0,22968,2958.0,1408,138230.0,81707.0,114569.0,105422,2918.0,27763.0,76291.0,55363,21079,11121.0,6557.0,4993,3548,1096.0,9256,0.0,69.0,1664,2273.0,9589,8249.0,142589,44358,10628.0,488
Florida,2015,224269,2998.0,11376.0,232.0,11488.0,12970.0,220304.0,1598,1967.0,183536,11786.0,24392,3022.0,1523,140458.0,83715.0,117144.0,107125,3119.0,26484.0,78145.0,56778,20841,10879.0,6821.0,5215,3819,1110.0,11040,0.0,62.0,1686,2205.0,10024,8399.0,145483,44421,11331.0,531
Florida,2016,225022,3315.0,12139.0,216.0,12336.0,11454.0,221044.0,1745,2052.0,184999,12097.0,23389,3029.0,1491,140715.0,84204.0,119485.0,105537,3974.0,24524.0,77031.0,56992,20879,11178.0,6739.0,5334,3806,1197.0,13360,0.0,90.0,1623,2174.0,10216,8719.0,146847,43586,11186.0,480
Florida,2017,223630,3493.0,13586.0,229.0,13321.0,10639.0,219587.0,1711,2020.0,182735,11761.0,24699,3074.0,1347,140410.0,83124.0,118553.0,105023,4897.0,22641.0,75026.0,57135,20950,11409.0,6979.0,5563,4123,1295.0,13603,0.0,85.0,1566,2291.0,10127,8798.0,145979,43019,11206.0,456
Florida,2018,221542,3950.0,15228.0,283.0,16033.0,9836.0,217526.0,1528,2081.0,178674,12729.0,25780,3037.0,1295,139876.0,81550.0,118750.0,102751,4499.0,19294.0,72889.0,60421,21678,11489.0,7342.0,5811,4651,1479.0,11978,0.0,80.0,1623,2119.0,10109,8788.0,146251,41014,11028.0,443
Florida,2019,220002,4278.0,16036.0,294.0,16935.0,9011.0,216112.0,120,2052.0,173982,13338.0,28285,2915.0,1453,139533.0,80321.0,117419.0,102543,4699.0,19653.0,70019.0,60880,21281,11406.0,7229.0,5974,4905,1522.0,12425,0.0,71.0,1608,2154.0,10347,9162.0,146842,39571,9774.0,368
Florida,2020,209671,4698.0,16899.0,285.0,17714.0,7763.0,205381.0,151,2431.0,163880,13139.0,27926,3191.0,1508,134295.0,75166.0,110572.0,99043,4758.0,16001.0,68715.0,62551,21480,11163.0,6995.0,5609,4291,1278.0,6822,0.0,74.0,1497,1941.0,9603,8812.0,141144,37016,9115.0,361
Florida,2021,216260,4898.0,17623.0,297.0,18555.0,6233.0,211493.0,170,2714.0,168331,14108.0,28700,3416.0,1681,138616.0,77295.0,115592.0,100617,5818.0,13263.0,66853.0,67543,22105,11874.0,7801.0,6436,4991,1790.0,7775,0.0,96.0,1581,2124.0,10517,9212.0,146033,37103,8959.0,410
Florida,2022,224433,5174.0,16339.0,308.0,19584.0,5186.0,219377.0,159,2978.0,172480,16279.0,29917,3541.0,2177,143713.0,80526.0,120816.0,103570,6874.0,12727.0,63513.0,73198,25107,13546.0,8626.0,7030,5820,2214.0,5758,0.0,63.0,1644,2176.0,10695,9116.0,149977,40353,9787.0,509
Florida,2023,221410,5730.0,17595.0,328.0,20766.0,3994.0,216662.0,187,2833.0,168857,16941.0,29885,3367.0,2204,141092.0,80137.0,119959.0,101399,7665.0,12409.0,57490.0,73704,26850,13966.0,9165.0,7382,5855,2168.0,4733,0.0,59.0,1743,2086.0,10509,9320.0,148734,38746,9629.0,470
Georgia,2010,133947,1866.0,4780.0,285.0,5738.0,0.0,133234.0,198,497.0,109906,2362.0,20540,45.0,1050,87907.0,45323.0,72548.0,61399,2443.0,10688.0,34778.0,28923,11063,5719.0,3504.0,2339,1659,702.0,32061,0.0,65.0,1093,1486.0,6543,5875.0,87059,24611,5896.0,341
Georgia,2011,132409,1777.0,5024.0,222.0,5414.0,266.0,131672.0,206,520.0,107448,2525.0,20634,101.0,1669,87732.0,44433.0,72240.0,60169,2462.0,10514.0,37277.0,31213,12101,6476.0,4120.0,2725,1861,859.0,22705,0.0,67.0,1086,1438.0,6227,5659.0,86357,25007,5739.0,289
Georgia,2012,130280,1964.0,5600.0,273.0,5726.0,7872.0,129440.0,307,592.0,104801,3078.0,20062,71.0,2229,86109.0,44005.0,71432.0,58848,2177.0,10734.0,39187.0,32570,12363,6380.0,3931.0,2731,1869,855.0,17378,0.0,58.0,1061,1308.0,6185,5526.0,85172,24473,5650.0,271
Georgia,2013,128748,2104.0,5824.0,268.0,6159.0,7753.0,127857.0,359,663.0,103783,2675.0,17958,165.0,3483,84589.0,43920.0,70301.0,58447,2705.0,10866.0,38605.0,30582,11166,5926.0,3642.0,2513,1898,828.0,19942,0.0,57.0,1113,1445.0,5985,5057.0,83734,24583,5857.0,325
Georgia,2014,130946,2372.0,5987.0,213.0,6305.0,7825.0,130025.0,447,662.0,108091,2723.0,17238,523.0,2351,86473.0,44242.0,71531.0,59415,3283.0,12504.0,40757.0,27087,10104,5508.0,3386.0,2654,1784,675.0,23197,0.0,58.0,1086,1422.0,6298,5185.0,85387,24927,6041.0,351
Georgia,2015,131404,2573.0,6194.0,181.0,6956.0,7452.0,130407.0,407,737.0,107151,3004.0,16299,714.0,4220,87116.0,44129.0,72017.0,59387,3662.0,12666.0,42598.0,29271,10061,5542.0,3595.0,2824,1952,685.0,18540,0.0,59.0,1178,1331.0,6207,5359.0,85987,24994,5941.0,294
Georgia,2016,130042,2701.0,7205.0,185.0,7810.0,6848.0,129019.0,485,765.0,106264,3370.0,17248,605.0,2537,85936.0,43935.0,71647.0,58395,4261.0,13433.0,46361.0,32711,11129,6012.0,3827.0,3028,2103,776.0,6394,0.0,62.0,1163,1439.0,6214,5704.0,85167,24135,5778.0,316
Georgia,2017,129243,2807.0,7729.0,250.0,8192.0,6172.0,128061.0,418,822.0,105320,3370.0,17649,409.0,2470,84964.0,44098.0,71166.0,58060,4900.0,13940.0,48021.0,32978,11442,6052.0,3762.0,2876,2201,762.0,2297,0.0,45.0,1112,1463.0,6387,5736.0,84819,23780,5571.0,258
Georgia,2018,126172,2736.0,7423.0,274.0,8533.0,5506.0,124973.0,393,792.0,103408,2920.0,16823,405.0,2603,83218.0,42851.0,69192.0,56966,5115.0,14257.0,46208.0,31316,11268,5918.0,3590.0,2832,2019,789.0,2851,0.0,46.0,1085,1395.0,6434,5536.0,83338,22841,5196.0,251
Georgia,2019,126371,2984.0,8119.0,286.0,9052.0,5219.0,125133.0,19,744.0,102656,3355.0,17280,324.0,2746,82899.0,43360.0,68700.0,57656,5282.0,14043.0,46811.0,32084,10759,5702.0,3575.0,2773,1867,828.0,2637,0.0,35.0,1058,1375.0,6427,5841.0,84934,21705,4702.0,231
Georgia,2020,122473,3537.0,8799.0,218.0,9724.0,5083.0,121085.0,22,930.0,97216,4154.0,17944,389.0,2759,80909.0,41462.0,65784.0,56672,5845.0,12693.0,45870.0,33068,10530,5342.0,3114.0,2437,1630,745.0,1186,0.0,35.0,985,1307.0,6172,5471.0,82838,21111,4284.0,215
Georgia,2021,124073,3650.0,10174.0,239.0,11416.0,4325.0,122279.0,22,1245.0,95539,4470.0,20226,606.0,3212,80535.0,43474.0,67040.0,57025,5169.0,12896.0,48285.0,34046,10167,4934.0,2938.0,2260,1589,749.0,1030,0.0,91.0,1037,1410.0,6503,5744.0,84677,20017,4383.0,203
Georgia,2022,126130,3994.0,9866.0,213.0,11657.0,3586.0,124298.0,16,1341.0,96561,5033.0,21077,443.0,2995,81648.0,44412.0,68698.0,57417,4336.0,13236.0,47466.0,35971,10607,5229.0,3203.0,2541,1760,852.0,914,0.0,86.0,1094,1324.0,6638,5869.0,85624,20661,4569.0,268
Georgia,2023,125120,3954.0,9386.0,188.0,12043.0,2695.0,123297.0,19,1360.0,94221,4954.0,22902,447.0,2569,80322.0,44742.0,67131.0,57981,5821.0,11693.0,45159.0,36279,11048,5611.0,3243.0,2472,1755,768.0,1263,0.0,99.0,1015,1253.0,6529,5953.0,85333,20368,4346.0,239
Illinois,2010,165200,2285.0,9922.0,298.0,7568.0,12984.0,164358.0,24,738.0,145202,8996.0,9770,124.0,1050,113508.0,51435.0,98293.0,66907,2822.0,10173.0,53932.0,54922,17213,7623.0,4538.0,2657,1693,712.0,8801,0.0,73.0,1294,1599.0,7535,6440.0,103015,35192,8341.0,380
Illinois,2011,161312,2229.0,10428.0,214.0,7802.0,12099.0,160475.0,16,731.0,141580,8838.0,9030,82.0,946,110139.0,51066.0,96811.0,64501,2057.0,9493.0,56380.0,55071,17255,7566.0,4309.0,2739,1826,787.0,3732,0.0,78.0,1234,1560.0,7418,6028.0,100151,35974,8309.0,337
Illinois,2012,159160,2275.0,10834.0,190.0,7602.0,11282.0,158292.0,21,757.0,139172,9298.0,9437,120.0,924,108193.0,50761.0,94863.0,64297,1785.0,9059.0,55222.0,54571,16570,7382.0,4337.0,2798,1874,808.0,4628,0.0,96.0,1154,1536.0,6999,6103.0,99525,34501,8073.0,331
Illinois,2013,156931,2289.0,11163.0,170.0,8061.0,10962.0,155937.0,247,851.0,137412,8607.0,9792,163.0,872,106922.0,49673.0,93599.0,63332,1494.0,9120.0,55207.0,53168,15757,7212.0,4245.0,2816,1873,816.0,5113,0.0,92.0,1109,1510.0,7059,5864.0,98757,33723,8332.0,323
Illinois,2014,158556,2547.0,10938.0,157.0,8675.0,10676.0,157513.0,370,899.0,137907,9031.0,10354,132.0,1058,108903.0,49485.0,95001.0,63555,1687.0,11386.0,66966.0,44936,13341,6521.0,3991.0,2893,1892,621.0,4315,0.0,90.0,1215,1528.0,7174,6021.0,99577,33387,9130.0,375
Illinois,2015,158116,2809.0,11776.0,178.0,9844.0,10355.0,157174.0,445,815.0,137214,9721.0,10113,58.0,950,109101.0,48909.0,94169.0,63947,1956.0,8033.0,65106.0,45965,13640,6952.0,4165.0,3215,2167,738.0,6173,0.0,90.0,1108,1580.0,7084,6180.0,100073,32801,8740.0,361
Illinois,2016,154445,3053.0,11609.0,233.0,10543.0,9891.0,153482.0,473,840.0,132457,10487.0,10454,113.0,870,106418.0,47965.0,93153.0,61292,2052.0,6300.0,63046.0,45872,13342,6957.0,4374.0,3447,2314,766.0,5966,0.0,70.0,1110,1563.0,7105,6082.0,98911,31036,8160.0,298
Illinois,2017,149390,3267.0,12117.0,292.0,10914.0,9466.0,148469.0,474,784.0,126309,10636.0,11303,160.0,879,102852.0,46467.0,89978.0,59396,2069.0,5342.0,59915.0,44710,12995,6909.0,4303.0,3313,2341,888.0,6595,0.0,67.0,978,1408.0,6995,6080.0,96191,29496,7796.0,278
Illinois,2018,144815,3548.0,12149.0,228.0,12046.0,8623.0,143825.0,529,855.0,121526,10645.0,11487,195.0,922,99664.0,45099.0,87845.0,56946,2071.0,5146.0,58148.0,44240,12184,6386.0,4028.0,3282,2264,755.0,6303,0.0,57.0,985,1326.0,7001,6043.0,95103,27391,6561.0,236
Illinois,2019,140128,3733.0,12744.0,192.0,12942.0,7409.0,139203.0,543,819.0,115935,10994.0,12156,64.0,925,97172.0,42925.0,84773.0,55336,1783.0,4774.0,56362.0,44802,12009,6364.0,4111.0,3018,2137,708.0,4054,0.0,61.0,876,1323.0,6629,6088.0,95281,24505,5107.0,197
Illinois,2020,133298,3807.0,13463.0,141.0,12702.0,6722.0,132203.0,555,998.0,109558,10938.0,11709,86.0,968,92179.0,41086.0,79269.0,54022,1813.0,4160.0,52856.0,45176,11244,5985.0,3583.0,2685,1733,576.0,3484,0.0,59.0,810,1167.0,6040,5657.0,92980,21887,4444.0,176
Illinois,2021,132189,4073.0,14143.0,108.0,13735.0,5851.0,130692.0,587,1155.0,107090,11720.0,12135,82.0,1129,90949.0,41199.0,79905.0,52263,1807.0,3478.0,52233.0,47090,11142,5473.0,3246.0,2421,1696,589.0,3007,0.0,49.0,744,1238.0,6406,5745.0,93205,20567,4017.0,154
Illinois,2022,128350,4319.0,14122.0,132.0,14038.0,4649.0,126691.0,720,1181.0,102103,12162.0,12763,80.0,1215,88601.0,39725.0,77794.0,50535,1914.0,3342.0,47853.0,47264,11671,5756.0,3400.0,2601,1891,644.0,2008,0.0,49.0,779,1119.0,6163,5442.0,90281,20339,3954.0,153
Illinois,2023,124820,4420.0,14060.0,129.0,14445.0,3701.0,123106.0,732,1162.0,98948,12267.0,12481,79.0,1013,86082.0,38710.0,75238.0,49556,1915.0,3153.0,43467.0,47699,12082,5694.0,3544.0,2746,1991,654.0,1871,0.0,45.0,772,1149.0,6086,5356.0,87820,19593,3760.0,162
Indiana,2010,83940,1016.0,5060.0,115.0,4657.0,14395.0,82145.0,858,1306.0,73403,3766.0,5612,370.0,765,58479.0,25427.0,47813.0,36127,1081.0,2448.0,23535.0,31543,11567,5694.0,3334.0,2142,1414,628.0,486,0.0,45.0,551,800.0,3707,3337.0,51293,18596,4938.0,581
Indiana,2011,83701,1097.0,5707.0,138.0,4628.0,13900.0,81850.0,885,1365.0,73067,3961.0,5335,437.0,861,58087.0,25576.0,47927.0,35774,1021.0,2283.0,22874.0,31824,11965,5609.0,3423.0,2203,1346,648.0,407,0.0,38.0,550,788.0,3710,3245.0,51053,18668,4965.0,581
Indiana,2012,83227,1127.0,5535.0,150.0,4775.0,13755.0,81382.0,982,1307.0,73053,3889.0,5128,405.0,740,57615.0,25583.0,47279.0,35948,1024.0,2276.0,22717.0,31933,11663,5601.0,3341.0,2150,1431,648.0,363,0.0,41.0,489,710.0,3641,3110.0,51374,18298,4942.0,536
Indiana,2013,83102,1196.0,5124.0,166.0,4411.0,13030.0,81172.0,1005,1376.0,72806,3755.0,5298,455.0,761,57750.0,25334.0,47125.0,35977,1024.0,2095.0,22076.0,32038,11890,5782.0,3387.0,2203,1477,698.0,331,0.0,38.0,551,750.0,3493,3149.0,51295,18230,4884.0,653
Indiana,2014,84080,1223.0,5217.0,147.0,4897.0,12672.0,82118.0,1131,1385.0,73677,3907.0,5111,562.0,801,58596.0,25464.0,47671.0,36409,1245.0,2920.0,28648.0,28613,10084,5259.0,3027.0,2207,1364,488.0,216,0.0,35.0,504,769.0,3655,3176.0,51695,18197,5348.0,674
Indiana,2015,84040,1233.0,5387.0,154.0,5242.0,12014.0,81963.0,1115,1481.0,73172,4092.0,5278,631.0,825,59157.0,24873.0,47691.0,36349,1079.0,3134.0,28655.0,29804,9706,4890.0,2844.0,1937,1337,460.0,188,0.0,41.0,516,792.0,3532,3180.0,52018,18151,5258.0,534
Indiana,2016,83091,1271.0,5880.0,154.0,5650.0,11212.0,80989.0,292,1367.0,71738,4388.0,5349,634.0,931,58310.0,24762.0,47643.0,35448,1128.0,2926.0,27491.0,30758,9452,4699.0,2603.0,1988,1381,464.0,191,0.0,35.0,572,795.0,3592,3290.0,51504,17559,5196.0,525
Indiana,2017,82170,1521.0,6061.0,135.0,6161.0,11098.0,80067.0,291,1354.0,71066,4254.0,5137,724.0,960,57725.0,24431.0,47022.0,35142,1229.0,2242.0,26678.0,31012,9547,4606.0,2743.0,2001,1387,511.0,206,0.0,30.0,504,746.0,3555,3247.0,51863,16929,4788.0,483
Indiana,2018,81646,1622.0,6312.0,127.0,6812.0,10312.0,79506.0,353,1255.0,70078,4743.0,5132,1002.0,656,57290.0,24344.0,46336.0,35303,1228.0,2023.0,25936.0,31318,9483,4637.0,2788.0,2091,1354,566.0,213,0.0,28.0,538,728.0,3701,3343.0,52092,16520,4271.0,389
Indiana,2019,80859,1934.0,6762.0,104.0,7368.0,9430.0,78743.0,369,1160.0,69009,5109.0,5033,970.0,698,57178.0,23667.0,45672.0,35180,1259.0,1990.0,26322.0,30945,9382,4335.0,2603.0,1939,1348,552.0,177,0.0,38.0,477,709.0,3783,3203.0,53888,14983,3451.0,307
Indiana,2020,78616,2117.0,7062.0,109.0,7735.0,8555.0,76111.0,374,1322.0,65857,5829.0,5075,996.0,805,54966.0,23642.0,44318.0,34289,1148.0,1897.0,25842.0,30493,8873,4309.0,2437.0,1768,1296,432.0,113,0.0,33.0,507,755.0,3624,3287.0,53096,14041,3035.0,228
Indiana,2021,79946,2707.0,7683.0,139.0,8229.0,7193.0,77184.0,362,1559.0,58617,4073.0,5758,898.0,10459,55669.0,24272.0,45571.0,34368,1423.0,2091.0,27186.0,31430,8356,3684.0,2190.0,1756,1271,406.0,150,0.0,42.0,476,702.0,4005,3468.0,55606,12929,2525.0,190
Indiana,2022,79649,2591.0,7291.0,134.0,8392.0,5235.0,76928.0,329,1469.0,57772,4762.0,6160,884.0,10070,55363.0,24282.0,45749.0,33891,1561.0,2026.0,25501.0,32627,7970,3906.0,2241.0,1834,1327,513.0,141,0.0,40.0,483,759.0,3897,3515.0,55365,12619,2788.0,157
Indiana,2023,79000,2786.0,7310.0,103.0,8640.0,4136.0,76044.0,326,1680.0,59697,5354.0,6771,896.0,6270,54708.0,24280.0,45136.0,33859,1660.0,2016.0,23920.0,32995,8389,3931.0,2353.0,1848,1263,503.0,114,0.0,41.0,474,719.0,3943,3545.0,54716,12636,2679.0,219
Maryland,2010,73801,1698.0,3983.0,399.0,3023.0,5795.0,73040.0,329,416.0,65505,1490.0,4963,491.0,721,48200.0,25431.0,42908.0,30893,1261.0,2252.0,17203.0,22035,7759,3954.0,2387.0,1608,1143,517.0,13602,0.0,43.0,659,712.0,3342,2907.0,43864,16817,5012.0,258
Maryland,2011,73093,1584.0,4049.0,440.0,3188.0,5458.0,72296.0,342,466.0,64660,1972.0,5211,404.0,658,47579.0,25393.0,43002.0,30091,1584.0,1791.0,19011.0,24244,8689,4500.0,2727.0,1962,1331,666.0,6522,0.0,39.0,663,751.0,3233,2782.0,43467,16509,5152.0,278
Maryland,2012,72883,1763.0,4339.0,444.0,3230.0,5360.0,72057.0,216,400.0,63586,2000.0,6056,349.0,733,47265.0,25421.0,43179.0,29704,1565.0,1972.0,19813.0,25913,9041,4520.0,2848.0,2021,1591,803.0,2697,0.0,47.0,587,800.0,3213,2820.0,43936,16031,5042.0,228
Maryland,2013,71953,2132.0,4530.0,460.0,3325.0,5324.0,71154.0,176,390.0,61771,2091.0,6990,138.0,763,46570.0,25224.0,42908.0,29045,1523.0,1388.0,19366.0,23987,8558,4245.0,2747.0,2002,1635,868.0,5560,0.0,45.0,585,696.0,3098,2631.0,43667,15821,4992.0,225
Maryland,2014,73921,2103.0,5113.0,435.0,3911.0,5107.0,73118.0,110,375.0,63587,2050.0,7377,311.0,462,48042.0,25746.0,44549.0,29372,1249.0,1771.0,25270.0,21310,7589,4055.0,2619.0,2058,1667,837.0,5475,0.0,50.0,572,731.0,3323,2790.0,44272,16517,5418.0,209
Maryland,2015,73616,2205.0,5575.0,281.0,4491.0,4758.0,72751.0,94,428.0,62586,1999.0,7846,292.0,781,47859.0,25664.0,44094.0,29522,1210.0,1517.0,25603.0,21554,7498,4051.0,2598.0,2071,1606,786.0,5111,0.0,38.0,578,730.0,3204,2821.0,44396,16233,5321.0,237
Maryland,2016,73136,2120.0,5599.0,215.0,4548.0,4299.0,72272.0,114,465.0,61835,2422.0,8253,78.0,466,48467.0,24606.0,44130.0,29006,1013.0,1704.0,25596.0,21744,7314,3960.0,2474.0,2020,1581,713.0,5009,0.0,33.0,550,751.0,3167,2895.0,44322,15889,5289.0,180
Maryland,2017,71641,2115.0,6021.0,145.0,5112.0,3932.0,70717.0,127,515.0,60107,2580.0,8219,104.0,570,47340.0,24244.0,43276.0,28352,830.0,1867.0,26620.0,21888,7159,3759.0,2287.0,1869,1411,561.0,3376,0.0,32.0,581,767.0,3213,2880.0,43661,14924,5335.0,181
Maryland,2018,71080,2218.0,5951.0,136.0,5198.0,3719.0,70127.0,141,521.0,59165,2529.0,8487,92.0,744,47008.0,24058.0,43174.0,27895,900.0,1690.0,26032.0,22837,6963,3537.0,2244.0,1597,1410,550.0,3308,0.0,31.0,549,721.0,3194,2729.0,43627,14888,5128.0,160
Maryland,2019,70178,2189.0,5898.0,161.0,5392.0,3281.0,69214.0,72,533.0,58429,2273.0,8523,114.0,761,47041.0,23124.0,41762.0,28398,1063.0,1612.0,25309.0,23060,6792,3513.0,2057.0,1748,1325,574.0,3109,0.0,22.0,488,704.0,3193,2793.0,44232,14044,4483.0,160
Maryland,2020,68554,2557.0,6860.0,119.0,5907.0,2846.0,67523.0,117,720.0,56954,2361.0,8321,276.0,588,45427.0,23114.0,40604.0,27940,929.0,1483.0,24077.0,24021,6764,3616.0,2096.0,1549,1055,394.0,2564,0.0,28.0,507,611.0,3027,2764.0,43470,13616,4349.0,148
Maryland,2021,68285,2528.0,7075.0,108.0,6801.0,2262.0,67159.0,118,856.0,56299,2762.0,8173,428.0,553,44834.0,23441.0,40472.0,27803,974.0,1480.0,24738.0,24191,6384,3106.0,1967.0,1448,1046,470.0,2475,0.0,103.0,445,682.0,3281,2857.0,43801,13139,3856.0,150
Maryland,2022,68782,3025.0,7329.0,203.0,6810.0,1873.0,67682.0,128,902.0,56190,2674.0,8828,438.0,592,45160.0,23609.0,40791.0,27979,1365.0,1258.0,22837.0,24534,6773,3393.0,2047.0,1537,1113,555.0,3360,0.0,74.0,488,599.0,3201,2765.0,44013,13378,4121.0,150
Maryland,2023,65594,3226.0,7202.0,109.0,7295.0,1527.0,64584.0,117,815.0,53098,2656.0,8953,411.0,391,42653.0,22926.0,38722.0,26855,1243.0,1182.0,21405.0,23746,6615,3155.0,1940.0,1500,1070,463.0,3270,0.0,67.0,434,711.0,2926,2615.0,42461,12549,3675.0,144
Michigan,2010,114531,1441.0,5836.0,0.0,5435.0,0.0,113572.0,84,802.0,86595,20133.0,7147,336.0,318,77189.0,37322.0,66612.0,47919,1358.0,8672.0,38456.0,39440,11628,5169.0,2955.0,1816,1137,458.0,3381,0.0,75.0,806,1156.0,5108,4537.0,66883,26837,8461.0,543
Michigan,2011,114008,1541.0,6957.0,0.0,5544.0,0.0,112905.0,93,924.0,86207,19892.0,7156,407.0,339,76571.0,37404.0,65770.0,48238,1262.0,8236.0,38256.0,39906,11491,5086.0,2915.0,1866,1213,544.0,3162,0.0,67.0,811,1118.0,5097,4265.0,66581,26976,8459.0,520
Michigan,2012,113091,1676.0,7210.0,0.0,5589.0,0.0,111877.0,82,1036.0,84573,20389.0,7275,499.0,350,76197.0,36867.0,65296.0,47795,1251.0,8898.0,37577.0,38961,11208,5138.0,3093.0,1963,1311,584.0,3022,0.0,65.0,853,1125.0,5093,4271.0,66905,25721,8405.0,536
Michigan,2013,113489,1722.0,6638.0,0.0,5743.0,0.0,112342.0,91,1019.0,84034,21033.0,7411,571.0,440,76511.0,36951.0,65360.0,48129,1524.0,8347.0,36863.0,39310,11721,5270.0,3171.0,2227,1422,621.0,2915,0.0,59.0,866,1165.0,4912,4032.0,67231,25804,8842.0,463
Michigan,2014,114375,1533.0,6542.0,165.0,5882.0,15129.0,112973.0,396,1231.0,83077,22282.0,7759,795.0,458,76874.0,37480.0,66558.0,47817,1479.0,9917.0,43822.0,34647,10235,4956.0,2984.0,2111,1313,482.0,2424,0.0,65.0,793,1088.0,5130,4076.0,67101,26401,9180.0,499
Michigan,2015,113312,1607.0,6687.0,120.0,6750.0,13859.0,111828.0,403,1306.0,81934,22198.0,7772,825.0,577,77094.0,36196.0,65780.0,47532,1521.0,9733.0,43887.0,33962,9925,4814.0,2786.0,1971,1367,503.0,2829,0.0,63.0,803,1095.0,5048,4189.0,66719,25655,9195.0,498
Michigan,2016,113315,1768.0,6935.0,122.0,7370.0,13126.0,111754.0,59,1388.0,81472,22011.0,8264,971.0,588,77065.0,36227.0,66815.0,46500,1599.0,9578.0,43719.0,34529,9620,4737.0,2747.0,1949,1223,416.0,3190,0.0,58.0,788,1092.0,5124,4427.0,67267,25028,9034.0,457
Michigan,2017,111426,1843.0,7246.0,88.0,7876.0,12453.0,109884.0,61,1375.0,78823,22089.0,8841,1012.0,644,75803.0,35583.0,65640.0,45775,1775.0,9058.0,42928.0,34896,9048,4317.0,2544.0,1879,1183,391.0,3395,0.0,61.0,798,1040.0,5110,4393.0,66799,24226,8529.0,426
Michigan,2018,110032,2072.0,7421.0,81.0,8616.0,11523.0,108403.0,136,1487.0,77025,22201.0,9115,995.0,689,74641.0,35365.0,65136.0,44882,1445.0,8305.0,42289.0,34916,9492,4315.0,2698.0,2027,1233,445.0,2857,0.0,66.0,671,952.0,5069,4284.0,67027,23295,8227.0,395
Michigan,2019,107886,2291.0,7583.0,77.0,9541.0,11113.0,106215.0,297,1534.0,75160,21627.0,9525,804.0,760,73345.0,34512.0,63667.0,44205,1531.0,8158.0,41628.0,34337,8744,4145.0,2698.0,2005,1539,513.0,2582,0.0,50.0,749,990.0,5064,4209.0,67445,22092,6904.0,326
Michigan,2020,104074,2599.0,8252.0,352.0,8644.0,10115.0,101949.0,382,1972.0,71041,21833.0,10150,383.0,636,70280.0,33772.0,61147.0,42916,1679.0,6222.0,41312.0,34169,8867,4140.0,2505.0,1894,1397,484.0,1397,0.0,33.0,674,969.0,4805,4130.0,66253,20739,6073.0,329
Michigan,2021,104980,2764.0,9122.0,553.0,9184.0,8625.0,102609.0,367,2225.0,69560,22536.0,10336,1720.0,813,70010.0,34846.0,62643.0,42323,1958.0,4954.0,39921.0,37408,9154,4155.0,2435.0,1897,1309,464.0,1317,0.0,46.0,702,993.0,5126,4233.0,68403,19682,5355.0,337
Michigan,2022,102321,2749.0,8393.0,315.0,9754.0,6685.0,99883.0,295,2032.0,67118,21739.0,10842,1903.0,698,68384.0,33903.0,62004.0,40306,2135.0,5796.0,38809.0,35017,8879,3937.0,2469.0,1993,1379,527.0,1376,0.0,40.0,629,969.0,4839,4177.0,66610,19280,5378.0,337
Michigan,2023,99124,2865.0,8511.0,194.0,10029.0,5181.0,96669.0,268,2024.0,63032,22227.0,11245,1893.0,706,66133.0,32924.0,60800.0,38311,2791.0,5422.0,37908.0,33000,8084,3697.0,2264.0,1829,1328,452.0,2345,0.0,38.0,622,859.0,4675,4023.0,65130,18403,5016.0,321
Missouri,2010,76759,1181.0,4396.0,821.0,3366.0,14329.0,75690.0,275,859.0,63232,10134.0,2557,429.0,407,52108.0,24449.0,45923.0,30836,736.0,3541.0,29901.0,22880,7615,3752.0,2142.0,1196,830,343.0,3771,0.0,31.0,475,731.0,3397,3006.0,48544,16148,3763.0,292
Missouri,2011,76117,1234.0,4360.0,331.0,3831.0,13799.0,74912.0,240,989.0,62552,10120.0,2472,577.0,396,51855.0,23775.0,45609.0,30508,791.0,3236.0,28662.0,23236,7662,3777.0,2180.0,1292,818,351.0,4063,0.0,34.0,447,707.0,3161,2914.0,48323,15916,3805.0,275
Missouri,2012,75446,1417.0,4510.0,409.0,4166.0,13520.0,74023.0,272,1151.0,61589,10286.0,2329,835.0,406,51126.0,23851.0,45143.0,30303,723.0,3168.0,27960.0,22946,7550,3880.0,2212.0,1373,905,400.0,4292,0.0,30.0,494,710.0,3175,3006.0,48108,15577,3676.0,289
Missouri,2013,75296,1414.0,4346.0,324.0,4325.0,13162.0,73791.0,247,1094.0,61283,10361.0,2489,776.0,387,51672.0,23331.0,44924.0,30372,817.0,3002.0,27946.0,23083,7590,3883.0,2271.0,1511,1023,528.0,3562,0.0,33.0,471,656.0,3258,2779.0,47576,16019,3811.0,301
Missouri,2014,75360,1388.0,4496.0,319.0,4608.0,12475.0,73711.0,197,1143.0,60281,11242.0,2552,781.0,502,52482.0,22635.0,45068.0,30292,913.0,4640.0,32298.0,18605,6685,3776.0,2353.0,1657,1057,391.0,2970,0.0,24.0,464,659.0,3357,2832.0,47708,15878,4040.0,297
Missouri,2015,75061,1580.0,4748.0,383.0,5264.0,11810.0,73416.0,150,1131.0,59583,11540.0,2519,805.0,613,52211.0,22739.0,44716.0,30345,788.0,3837.0,31346.0,20328,6639,3812.0,2270.0,1532,980,385.0,3130,0.0,27.0,491,725.0,3346,2912.0,47489,15789,3898.0,282
Missouri,2016,74705,1706.0,5186.0,493.0,5502.0,11294.0,72969.0,21,1179.0,58931,11414.0,2956,889.0,514,52109.0,22520.0,44952.0,29753,906.0,2534.0,29711.0,22561,6493,3412.0,2116.0,1505,1040,329.0,4088,0.0,23.0,488,684.0,3412,2967.0,47514,15397,3814.0,277
Missouri,2017,73034,1960.0,5531.0,515.0,5815.0,10457.0,71312.0,25,1164.0,56683,11838.0,3231,858.0,422,50895.0,21920.0,43866.0,29156,943.0,2044.0,28260.0,22293,6695,3510.0,2010.0,1550,1004,367.0,4355,0.0,33.0,486,703.0,3424,3065.0,46761,14653,3570.0,262
Missouri,2018,73269,2045.0,5749.0,417.0,5993.0,9985.0,71457.0,25,1183.0,56484,12033.0,3456,935.0,360,51194.0,21906.0,43748.0,29511,1210.0,1972.0,28169.0,22220,6811,3557.0,2256.0,1620,1166,457.0,3823,0.0,20.0,437,720.0,3546,3119.0,48395,13688,3031.0,235
Missouri,2019,72127,2264.0,6055.0,463.0,6256.0,9144.0,70422.0,23,1071.0,55077,12165.0,3675,923.0,282,50370.0,21646.0,42995.0,29122,1657.0,1768.0,28411.0,22542,6417,3467.0,2183.0,1596,1181,534.0,2359,0.0,20.0,466,700.0,3484,3159.0,48994,12430,2553.0,223
Missouri,2020,69285,2383.0,6684.0,415.0,6363.0,8219.0,67274.0,30,1309.0,51816,12039.0,3918,1190.0,321,48971.0,20258.0,40767.0,28505,,1551.0,27059.0,22058,6605,3302.0,2035.0,1448,987,461.0,2344,0.0,23.0,430,598.0,3381,3157.0,48598,10789,2016.0,205
Missouri,2021,69453,2576.0,6964.0,411.0,6965.0,6879.0,67252.0,13,1403.0,51088,12926.0,3718,1241.0,478,48370.0,20912.0,41742.0,27702,,1523.0,26975.0,23902,6185,2924.0,1758.0,1276,1010,435.0,2025,0.0,21.0,425,625.0,3527,3224.0,49058,10372,1904.0,207
Missouri,2022,68985,2656.0,6635.0,495.0,7746.0,5441.0,66768.0,25,1421.0,50154,13049.0,4056,1247.0,479,47964.0,20960.0,41996.0,26982,,1492.0,25710.0,24217,6503,3201.0,1915.0,1452,1055,523.0,1389,0.0,21.0,447,645.0,3506,3174.0,48273,10555,2058.0,19348
Missouri,2023,67123,2743.0,6595.0,599.0,7752.0,4443.0,64832.0,18,1692.0,48355,12622.0,4271,1447.0,424,46805.0,20264.0,40836.0,26284,,1163.0,23190.0,25675,6762,3081.0,1854.0,1326,1010,497.0,905,0.0,22.0,356,638.0,3402,2983.0,47188,10113,2124.0,20097
New Jersey,2010,106922,1459.0,6206.0,43.0,3537.0,0.0,106503.0,59,302.0,88753,9857.0,7952,117.0,231,64841.0,41033.0,69092.0,37830,,0.0,0.0,0,0,0.0,0.0,0,0,0.0,0,106922.0,29.0,738,1013.0,4677,3913.0,8177,25940,6661.0,20685
New Jersey,2011,105883,1535.0,6069.0,56.0,2836.0,0.0,105409.0,142,336.0,87664,10281.0,7564,149.0,217,63752.0,40990.0,67916.0,37967,,0.0,0.0,0,0,0.0,0.0,0,0,0.0,0,105883.0,25.0,785,1042.0,4760,3870.0,7926,25044,6865.0,20765
New Jersey,2012,104230,1484.0,6920.0,87.0,2590.0,0.0,103765.0,299,336.0,86793,9811.0,7191,189.0,238,63200.0,39968.0,66585.0,37645,,0.0,0.0,0,0,0.0,0.0,0,0,0.0,0,104230.0,25.0,743,974.0,974,3866.0,7913,24243,6532.0,20054
New Jersey,2013,102575,1511.0,6643.0,101.0,2720.0,0.0,102101.0,397,349.0,85315,9429.0,7437,156.0,226,62664.0,39098.0,66065.0,36510,,0.0,0.0,0,0,0.0,0.0,0,0,0.0,0,102575.0,24.0,687,974.0,955,3689.0,7856,23905,6826.0,19656
New Jersey,2014,103305,1625.0,7312.0,104.0,2853.0,0.0,102796.0,527,381.0,84741,10873.0,7032,264.0,388,64161.0,38343.0,66659.0,36646,,0.0,0.0,0,0,0.0,0.0,0,0,0.0,0,103305.0,25.0,12,,955,3728.0,8046,24096,7256.0,18336
New Jersey,2015,103127,1705.0,7894.0,148.0,4007.0,0.0,102619.0,626,394.0,83636,11567.0,6919,173.0,805,64914.0,37874.0,66912.0,36215,,0.0,0.0,0,0,0.0,0.0,0,0,0.0,0,103127.0,,18,650.0,858,3774.0,7725,23275,7182.0,16149
New Jersey,2016,102647,1769.0,8557.0,154.0,4807.0,3952.0,102122.0,202,404.0,82608,11260.0,7593,110.0,977,65430.0,37164.0,67143.0,35504,,4344.0,38070.0,34653,10002,4862.0,2977.0,2203,1506,475.0,1919,0.0,,17,616.0,926,4005.0,7830,22414,6853.0,13970
New Jersey,2017,101250,1752.0,8940.0,125.0,4828.0,3690.0,,191,397.0,80608,11712.0,7928,82.0,895,64839.0,36371.0,66894.0,34340,,3987.0,37792.0,34349,10019,4889.0,2900.0,2156,1489,534.0,1514,0.0,,11,618.0,886,3756.0,7874,21987,6993.0,13188
New Jersey,2018,101223,2042.0,9506.0,139.0,5532.0,3235.0,,141,443.0,79650,12085.0,8538,19132.0,806,65849.0,35335.0,67001.0,34204,,3405.0,37755.0,35028,9848,4652.0,2903.0,2221,1538,542.0,1641,0.0,,22,580.0,816,3725.0,7477,21847,6963.0,12418
New Jersey,2019,99585,2110.0,9400.0,140.0,6006.0,2740.0,,163,415.0,77904,11880.0,8916,20505.0,728,65629.0,33554.0,66158.0,33414,,2980.0,37087.0,34721,9673,4690.0,2831.0,2215,1547,565.0,1246,0.0,,15,577.0,839,3798.0,8048,20755,6473.0,11437
New Jersey,2020,97954,2263.0,10323.0,91.0,6576.0,2439.0,,190,562.0,76470,11533.0,9115,20292.0,630,65359.0,32551.0,64710.0,33233,,2852.0,36796.0,34809,9452,4527.0,2816.0,2048,1417,538.0,1203,0.0,,79,516.0,784,3666.0,7678,20525,6292.0,9940
New Jersey,2021,101497,2537.0,11043.0,127.0,6902.0,1885.0,,176,591.0,76173,11676.0,9865,21441.0,3347,68537.0,32942.0,67635.0,33843,,2571.0,,37031,9737,4361.0,2612.0,1910,1427,498.0,1627,0.0,,50,501.0,739,3721.0,7854,20860,5901.0,9668
New Jersey,2022,102893,2534.0,10056.0,86.0,6983.0,1387.0,,167,605.0,77144,14188.0,10765,20503.0,491,69049.0,33844.0,68499.0,34375,,2193.0,8526.0,35109,37838,4825.0,2913.0,2328,1626,659.0,881,12221.0,,58,543.0,2344,3836.0,4829,21169,6164.0,9479
New Jersey,2023,101001,2593.0,9856.0,105.0,7077.0,1141.0,,173,545.0,73784,15382.0,11028,2667.0,769,67575.0,33423.0,67125.0,143540,,,7761.0,33918,40082,,2840.0,2261,1620,618.0,812,4701.0,,59,500.0,2209,3825.0,4512,63553,5854.0,9845
New York,2010,244375,3293.0,13541.0,258.0,7081.0,15165.0,,219,2068.0,209100,8934.0,24858,2227.0,1410,158895.0,84377.0,142579.0,144143,,1433.0,8467.0,78547,40400,10171.0,,7381,5405,1993.0,8075,4946.0,,68,1667.0,2179,8505.0,4421,63088,19528.0,10401
New York,2011,241312,3399.0,13729.0,252.0,7264.0,14450.0,,264,2130.0,206007,9396.0,24425,2509.0,1367,157862.0,82425.0,142024.0,142474,,1522.0,9247.0,78221,87617,28257.0,12654.0,7172,4908,2040.0,6988,4838.0,,51,1584.0,2011,8312.0,4274,62970,19551.0,10346
New York,2012,240916,3474.0,14452.0,277.0,7069.0,14197.0,,349,2177.0,204901,10321.0,24109,2438.0,1425,157872.0,,142548.0,141425,,1648.0,15445.0,78141,86606,29293.0,12520.0,6860,4798,,7544,5171.0,,50,1608.0,2055,,4361,61540,,9803
New York,2013,236980,3477.0,14325.0,783.0,7493.0,13261.0,,316,2212.0,200038,11223.0,23978,2633.0,1603,155175.0,156486.0,141762.0,138441,,0.0,14638.0,79780,87217,27807.0,12253.0,6542,5015,3938.0,6933,4880.0,,64,1485.0,2060,4561.0,4551,61724,61704.0,9292
New York,2014,238773,3834.0,16138.0,727.0,8764.0,12753.0,,213,4054.0,200174,12237.0,24629,3081.0,1579,,154821.0,144115.0,129509,,0.0,15642.0,97034,84415,25673.0,11137.0,5992,4839,3941.0,7749,4299.0,,58,1419.0,2014,4496.0,4556,62249,60345.0,8415
New York,2015,237274,3942.0,17947.0,711.0,14317.0,11739.0,,188,3987.0,195890,14122.0,25305,3035.0,1816,,151118.0,,130377,,0.0,13727.0,98738,70258,20885.0,9693.0,5415,4618,4379.0,7713,4382.0,,55,1425.0,1995,4660.0,4646,62927,58446.0,7049
New York,2016,234283,4371.0,19500.0,742.0,14897.0,11143.0,,354,939.0,192694,14576.0,25147,3146.0,1731,,149324.0,,129052,,0.0,12555.0,99215,71042,19591.0,8922.0,5241,4823,3868.0,5044,5110.0,,36,1324.0,1961,4526.0,4585,62386,58620.0,6213
New York,2017,229737,4452.0,19773.0,465.0,13188.0,10348.0,,461,1095.0,189696,14381.0,23750,2871.0,1767,,147692.0,,126703,,0.0,12223.0,95125,70216,18940.0,8343.0,5190,4480,3814.0,5365,6691.0,,39,1356.0,1908,4356.0,4835,62557,58852.0,5799
New York,2018,226238,4646.0,20343.0,602.0,14218.0,9750.0,,540,1182.0,187729,13928.0,22684,2922.0,1752,,138645.0,,70960,,0.0,9469.0,94631,72032,18805.0,8270.0,4985,4329,3935.0,6356,7157.0,,43,1247.0,1850,4375.0,4706,62478,58480.0,6586
New York,2019,221539,4864.0,20013.0,556.0,15221.0,8821.0,,535,1273.0,182529,13881.0,23260,2849.0,1713,,138519.0,,71152,,1628.0,8424.0,94589,70640,18290.0,8012.0,4796,4020,3765.0,5298,7669.0,,33,1249.0,1852,4231.0,5041,61770,56139.0,5817
New York,2020,209338,5146.0,21059.0,518.0,16141.0,7763.0,,574,1304.0,170892,13970.0,22514,3448.0,1751,,136966.0,,70661,,1616.0,8452.0,86477,69070,17116.0,7640.0,4620,3756,3549.0,5797,9190.0,,49,1189.0,1748,4126.0,4890,65195,54802.0,7527
New York,2021,210742,5576.0,21721.0,595.0,16865.0,6322.0,,655,1421.0,170724,15055.0,22985,3429.0,1664,,134309.0,,69703,,1682.0,7919.0,84757,68144,17166.0,7866.0,4702,3865,3558.0,6234,7268.0,,70,1181.0,1707,4241.0,4884,65811,54291.0,7354
New York,2022,207774,5965.0,20785.0,611.0,16638.0,4996.0,,865,1463.0,166608,16644.0,22788,3614.0,1549,,83880.0,,71401,,2023.0,0.0,80034,71865,17175.0,7385.0,4809,4180,2949.0,5433,5872.0,,57,1124.0,1267,4362.0,5490,65115,50924.0,7273
New York,2023,203612,6034.0,20410.0,628.0,16307.0,3969.0,,1173,1351.0,161930,16157.0,23656,12063.0,1557,,83785.0,,71295,,1490.0,9338.0,77818,72402,17526.0,7511.0,4872,4346,3132.0,4637,,,73,1010.0,1245,4289.0,5276,138529,46543.0,7345
South Carolina,2010,58342,1587.0,3620.0,0.0,3164.0,0.0,,1097,1301.0,105997,1963.0,13632,11297.0,566,,83138.0,,71944,,1880.0,9089.0,0,71111,17332.0,7694.0,0,0,3472.0,0,,,62,1004.0,1201,10309.0,5398,137677,43955.0,7684
South Carolina,2011,57393,1563.0,3421.0,0.0,3036.0,13103.0,,876,1230.0,101688,2742.0,14815,11924.0,726,,82865.0,,70943,,1770.0,8993.0,36060,0,0.0,0.0,4124,2439,3766.0,1796,,,45,1024.0,1243,9962.0,5369,139765,43360.0,7735
South Carolina,2012,57155,1431.0,3573.0,0.0,3297.0,12771.0,,825,1403.0,101011,2723.0,14933,12236.0,725,,85228.0,,70304,,1890.0,10014.0,36266,40386,15095.0,7219.0,3901,2297,0.0,1971,,,58,1001.0,1201,9862.0,5337,135650,41673.0,7689
South Carolina,2013,56795,1250.0,3948.0,0.0,3822.0,12303.0,,709,1598.0,100274,2781.0,14977,12665.0,114,,85379.0,,69370,,1666.0,7372.0,35518,40324,14554.0,7049.0,4045,2494,1490.0,1712,,,66,1042.0,1253,9571.0,5530,136658,27413.0,7351
South Carolina,2014,57627,1483.0,4372.0,0.0,4079.0,11893.0,,598,1670.0,100633,3485.0,16037,12423.0,132,,85204.0,,67754,,1617.0,8292.0,42564,39933,14273.0,6856.0,4031,2862,1534.0,1392,,,37,965.0,1210,9659.0,5565,136118,26302.0,6780
South Carolina,2015,58139,1600.0,4336.0,0.0,4024.0,11300.0,,528,1761.0,100670,4272.0,14907,13100.0,179,,84828.0,,71120,,1532.0,7177.0,42608,36001,12557.0,6786.0,3866,2736,1676.0,1091,,,48,1053.0,1339,9139.0,5502,135834,26118.0,5478
South Carolina,2016,57342,1697.0,4380.0,0.0,,10780.0,,643,,100547,4514.0,14855,12857.0,418,,83935.0,,72038,,1425.0,6325.0,44203,38327,12970.0,6651.0,3773,2700,1804.0,691,,,61,969.0,1190,9522.0,5466,133305,26390.0,5038
South Carolina,2017,57029,1775.0,,0.0,,10403.0,,661,,98944,4273.0,15718,13656.0,300,,84203.0,,71136,,1396.0,5251.0,42903,37488,12392.0,6726.0,3651,2793,1856.0,799,,,36,933.0,1229,9467.0,5324,132054,26822.0,4627
South Carolina,2018,56669,,,0.0,,,,582,,97354,4805.0,15012,11614.0,38,,81757.0,,78225,,1222.0,3508.0,41313,39118,12321.0,6457.0,3638,2822,1857.0,921,,,53,868.0,1204,9185.0,5255,133051,26237.0,4677
South Carolina,2019,57038,,,0.0,,,,609,,95141,5409.0,15664,11587.0,15,,83936.0,,78058,,1235.0,3420.0,40941,40485,12005.0,6323.0,3654,2823,1923.0,995,,,47,938.0,1289,9226.0,5298,128494,26160.0,4542
South Carolina,2020,55704,,,0.0,,,,613,,92353,5962.0,16412,12517.0,14,,84620.0,,77764,,1390.0,3771.0,39758,41119,11823.0,6065.0,3393,2685,1998.0,1141,,,89,863.0,1200,8727.0,5396,132177,25015.0,1580
South Carolina,2021,57185,,,0.0,,,,707,,94385,5897.0,17961,12403.0,14,,82853.0,,78158,,1325.0,3269.0,40622,42312,11738.0,6022.0,3244,2596,2219.0,1029,,,92,857.0,1182,9270.0,5303,131297,24630.0,1623
South Carolina,2022,57820,,,,,,,695,,94758,6447.0,17879,12625.0,13,,95735.0,,78847,,1690.0,5129.0,39504,44892,11735.0,5481.0,3672,2936,1990.0,778,,,86,885.0,1474,9016.0,2465,129896,23277.0,1655
South Carolina,2023,57729,,,,,,,716,,91914,7084.0,18697,7970.0,13,,94439.0,,78939,,1893.0,5202.0,38687,44146,12069.0,6111.0,3414,2688,2020.0,1104,,,104,889.0,1386,8940.0,2260,71710,22221.0,1745
Texas,2010,386118,,,,,,,756,,109456,18553.0,9426,7571.0,13,,95504.0,,78765,,1899.0,5110.0,42769,44490,12412.0,6136.0,4416,2911,2164.0,10642,,,83,1014.0,1549,5609.0,2430,71557,22000.0,1893
Texas,2011,377445,,,,,,,694,,107730,18836.0,9569,8098.0,21,,95753.0,,77724,,2312.0,4448.0,42935,46422,15356.0,7254.0,4290,2980,2100.0,8114,,,73,1081.0,1348,5427.0,2243,71635,22396.0,1821
Texas,2012,382727,,,,,,,782,,107522,19004.0,10039,8063.0,15,,96857.0,,76788,,2319.0,4860.0,41240,47358,15611.0,7106.0,4486,3139,1885.0,8149,,,78,1101.0,1467,5376.0,2210,70455,21780.0,1764
Texas,2013,387340,,,,,,,967,,107814,19563.0,9444,8878.0,56,,96885.0,,75850,,0.0,4558.0,41108,48487,15659.0,7329.0,4828,3201,2029.0,6738,,,80,1085.0,1376,5168.0,2265,71365,29327.0,1610
Texas,2014,399766,,,,,,,896,,107692,19967.0,9727,7668.0,142,,95520.0,,72905,,1640.0,3321.0,53391,49285,16272.0,7699.0,4458,3511,2192.0,2627,,,74,970.0,1363,5192.0,2329,71421,28569.0,1306
Texas,2015,403618,,,,,,,891,,105775,20897.0,10345,6226.0,42,,95397.0,,74543,,2017.0,2602.0,53900,43514,13851.0,7207.0,4403,3439,2222.0,2568,,,85,944.0,1400,5395.0,2305,71805,28576.0,1140
Texas,2016,398047,,,,,,,16,,103092,22263.0,10594,6840.0,147,,93528.0,,73922,,2514.0,2753.0,52360,44488,13495.0,6891.0,4280,3429,2426.0,1896,,,70,1044.0,1307,5749.0,2310,72838,28048.0,1119
Texas,2017,382050,,,,,,,16,,100250,23229.0,11134,7950.0,121,,92765.0,,73094,,2234.0,2716.0,52144,46993,13621.0,6842.0,4212,3258,2393.0,1546,,,74,969.0,1404,5607.0,2387,73229,27775.0,1021
Texas,2018,378624,,,,,,,29,,98361,23066.0,11498,8761.0,124,,88671.0,,31006,,2692.0,2471.0,52207,47563,13309.0,6867.0,3987,3157,2326.0,1230,,,69,881.0,1187,5660.0,2260,75511,27989.0,1111
Texas,2019,377599,,,,,,,63,,96884,23443.0,11863,9941.0,134,,88914.0,,30426,,1928.0,2191.0,51985,47599,12738.0,6454.0,3768,2975,2341.0,958,,,79,924.0,1327,5596.0,2369,75425,27246.0,1177
Texas,2020,368190,,,,,,,78,,92077,23060.0,11549,10286.0,148,,87933.0,,30452,,2159.0,2092.0,50012,48108,12653.0,6316.0,3536,2667,2172.0,1060,,,32,807.0,1256,5767.0,2204,79334,26735.0,11289
Texas,2021,373594,,,,,,,73,,92418,22453.0,12083,10243.0,125,,86948.0,,30858,,2247.0,1916.0,51014,46777,12130.0,6060.0,3239,2547,2091.0,1065,,,14,847.0,1252,5809.0,2163,79241,25893.0,11280
Texas,2022,389741,,,,,,,98,,89715,22786.0,12625,10771.0,106,,34775.0,,30827,,2942.0,1912.0,49063,48020,11521.0,5654.0,3502,2710,1873.0,1008,,,26,833.0,513,5978.0,5219,79301,24414.0,11215
Texas,2023,387945,,,,,,,112,,86308,23257.0,14253,,87,,34392.0,,30920,,3307.0,1832.0,48098,47749,11760.0,5555.0,3411,2761,1733.0,827,,,30,866.0,499,5888.0,5009,87071,22330.0,11624
Washington,2010,86539,,,,,,,185,,39405,10883.0,2495,,164,,34929.0,,30367,,4589.0,1880.0,13744,47327,11942.0,5664.0,2170,1525,1901.0,2625,,,21,365.0,432,6241.0,4884,87156,21379.0,12228
Washington,2011,86976,,,,,,,178,,38179,11395.0,2266,,427,,35327.0,,29102,,5523.0,1974.0,14027,17514,7530.0,3688.0,2080,1426,1964.0,2695,,,24,355.0,492,6248.0,4797,87376,21098.0,11915
Washington,2012,87463,,,,,,,226,,37703,12566.0,2017,,633,,35681.0,,28780,,4954.0,2711.0,14663,17137,7009.0,3405.0,1995,1312,1091.0,2851,,,20,395.0,490,6304.0,4910,88211,20284.0,11740
Washington,2013,86577,,,,,,,268,,37154,13624.0,2157,,556,,35895.0,,27696,,1375.0,2659.0,14895,17737,6495.0,3156.0,1839,1305,1123.0,3535,,,25,316.0,481,6353.0,4800,89191,8845.0,11495
Washington,2014,88585,,,,,,,333,,35852,14477.0,2477,,524,,35775.0,,26465,,1310.0,2152.0,18872,17544,6499.0,3109.0,1806,1505,1020.0,1987,,,17,373.0,446,6445.0,4969,88722,9077.0,10770
Washington,2015,88990,,,,,,,390,,34877,15040.0,2661,,544,,34058.0,,26958,,1545.0,2027.0,19508,15815,5390.0,2868.0,1677,1353,1003.0,1193,,,21,315.0,503,6377.0,4911,88256,8932.0,9278
Washington,2016,90505,,,,,,,1679,,34272,15294.0,2389,,752,,33454.0,,27142,,1846.0,1880.0,18857,16552,5329.0,2699.0,1781,1362,1046.0,1187,,,16,330.0,478,6338.0,5113,88166,9197.0,7976
Washington,2017,87562,,,,,,,1454,,32630,14737.0,2013,,779,,33359.0,,26444,,2589.0,2054.0,19120,16402,5571.0,2864.0,1542,1273,979.0,1168,,,13,342.0,457,6217.0,5193,88193,9213.0,7589
Washington,2018,86085,,,,,,,1670,,32408,14719.0,1932,,778,,32333.0,,83832,,2203.0,1926.0,19462,15242,5118.0,2557.0,1532,1282,1066.0,1077,,,31,328.0,443,6117.0,5049,90037,9043.0,7144
Washington,2019,84895,,,,,,,1672,,31218,15291.0,1789,,897,,32677.0,,83417,,2088.0,1944.0,19811,15230,4829.0,2453.0,1543,1173,921.0,530,,,29,307.0,513,6383.0,5165,88122,8626.0,7024
Washington,2020,83086,,,,,,,1759,,29612,15228.0,1688,,1021,,32631.0,,82808,,2042.0,1964.0,18378,15123,4586.0,2314.0,1296,1125,883.0,822,,,82,259.0,478,5992.0,4813,89613,7883.0,2190
Washington,2021,83911,,,,,,,1666,,29401,15926.0,1841,,1022,,32048.0,,82318,,2002.0,1706.0,19572,15174,4528.0,2322.0,1271,1050,772.0,625,,,72,327.0,452,6191.0,4606,88155,7327.0,2121
Washington,2022,83333,,,,,,,1661,,29212,15887.0,2026,,1070,,98265.0,,83885,,2055.0,2714.0,18362,15697,4291.0,2067.0,1323,1016,856.0,578,,,85,286.0,1452,6332.0,2649,88079,6736.0,2172
Washington,2023,80932,,,,,,,1711,,28681,15960.0,1905,,1062,,98129.0,,82966,,1885.0,2431.0,17265,16406,4483.0,2073.0,1291,980,710.0,609,,,76,282.0,1411,6065.0,2581,36521,6245.0,2280
