Division,Year,    Male:        6 to 17 years:            No health insurance coverage,    Male:        18 to 24 years:            No health insurance coverage,    Male:        25 to 34 years:            No health insurance coverage,    Male:        35 to 44 years:            No health insurance coverage,    Male:        45 to 54 years:            No health insurance coverage,    Male:        55 to 64 years:            No health insurance coverage,    Male:        65 to 74 years:            No health insurance coverage,    Male:        75 years and over:            No health insurance coverage,    Female:        Under 6 years:            No health insurance coverage,    Female:        6 to 17 years:            No health insurance coverage,    Female:        18 to 24 years:            No health insurance coverage,    Female:        25 to 34 years:            No health insurance coverage,    Female:        35 to 44 years:            No health insurance coverage,    Female:        45 to 54 years:            No health insurance coverage,    Female:        55 to 64 years:            No health insurance coverage,    Female:        65 to 74 years:            No health insurance coverage,    Female:        75 years and over:            No health insurance coverage,    Female:        75 years and over:            No health insurance coverage,    Male:        Under 6 years:            With health insurance coverage,    Male:        6 to 17 years:            With health insurance coverage,    Male:        18 to 24 years:            With health insurance coverage,    Male:        25 to 34 years:            With health insurance coverage,    Male:        35 to 44 years:            With health insurance coverage,    Male:        45 to 54 years:            With health insurance coverage,    Male:        55 to 64 years:            With health insurance coverage,    Male:        65 to 74 years:            With health insurance coverage,    Male:        75 years and over:            With health insurance coverage,    Female:        Under 6 years:            With health insurance coverage,    Female:        6 to 17 years:            With health insurance coverage,    Female:        18 to 24 years:            With health insurance coverage,    Female:        25 to 34 years:            With health insurance coverage,    Female:        35 to 44 years:            With health insurance coverage,    Female:        45 to 54 years:            With health insurance coverage,    Female:        55 to 64 years:            With health insurance coverage,    Female:        65 to 74 years:            With health insurance coverage,    Female:        75 years and over:            With health insurance coverage
New England Division!!Estimate,2010,"80,000","628,132","89,978","792,181","73,886","914,866","83,908","1,086,271","58,094","895,703","34,160","1,031,971","3,699","553,870",945,"556,758","10,714","459,646","127,583","577,386","166,407","674,235","117,574","812,411","110,734","995,757","56,853","829,627","29,642","1,086,636","3,626","479,065","1,178","357,343","570,271","560,303"
Middle Atlantic Division!!Estimate,2010,"375,402","1,598,303","469,632","2,180,886","365,817","2,402,275","347,248","2,811,822","234,587","2,368,030","164,669","2,875,948","22,077","1,579,740","9,381","1,608,215","65,829","1,360,206","528,499","1,455,315","719,309","1,816,646","495,356","2,123,895","404,052","2,565,137","226,516","2,144,255","175,752","3,013,202","18,618","1,310,744","7,125","1,007,591","1,602,760","1,614,179"
East North Central Division!!Estimate,2010,"474,637","1,741,642","546,643","2,384,536","445,501","2,577,654","481,955","3,017,926","323,249","2,585,921","208,022","3,483,349","15,807","1,729,646","7,373","1,657,061","82,357","1,651,921","669,523","1,566,839","843,599","2,010,391","579,718","2,353,985","536,270","2,833,129","283,577","2,446,851","232,173","3,643,408","10,735","1,497,190","3,472","1,070,816","1,760,926","1,670,758"
West North Central Division!!Estimate,2010,"197,743","795,117","234,791","1,082,678","176,429","1,086,256","167,072","1,343,726","112,518","1,134,298","106,653","1,495,429","3,624","758,969","1,569","746,037","40,361","774,445","262,457","744,560","317,457","986,575","207,278","1,029,330","191,720","1,291,519","100,322","1,100,972","118,676","1,570,074","2,866","672,618","1,367","500,414","770,071","753,083"
South Atlantic Division!!Estimate,2010,"818,279","2,036,349","1,030,174","2,829,070","883,555","3,222,729","837,280","3,625,378","563,942","3,251,311","457,466","4,045,688","38,291","2,431,191","17,842","2,103,287","153,717","2,052,291","1,030,198","1,772,176","1,336,395","2,237,652","1,032,856","2,796,870","888,663","3,262,044","481,501","2,927,553","469,977","4,254,002","26,905","2,102,120","7,962","1,424,500","2,504,902","2,159,069"
East South Central Division!!Estimate,2010,"243,113","659,517","284,323","897,936","234,453","988,805","229,244","1,130,721","148,409","1,029,541","95,534","1,345,463","3,534","742,854","1,724","618,060","33,432","671,098","306,764","570,276","380,194","710,447","284,548","878,077","245,145","1,016,589","123,065","952,498","103,277","1,413,191","3,986","638,171",903,"387,944","758,098","628,438"
West South Central Division!!Estimate,2010,"666,220","1,142,898","861,215","1,658,249","693,611","1,743,033","577,777","1,952,920","367,089","1,668,434","438,356","2,679,808","24,180","1,195,871","12,220","997,487","148,412","1,443,023","788,951","1,028,136","989,840","1,419,347","740,187","1,579,894","596,161","1,808,883","321,321","1,561,204","460,992","2,805,787","17,933","1,046,152","6,693","670,601","1,237,719","1,021,474"
Mountain Division!!Estimate,2010,"296,890","764,866","375,891","1,119,481","290,948","1,112,651","270,417","1,233,796","182,923","1,119,080","239,920","1,585,386","10,601","786,233","4,309","637,354","95,926","851,283","377,760","702,295","493,639","1,016,215","347,968","1,054,429","300,417","1,160,886","164,535","1,067,686","243,935","1,678,520","7,838","726,116","3,162","478,985","820,346","653,090"
Pacific Division!!Estimate,2010,"712,781","1,748,672","851,091","2,589,018","691,512","2,703,641","657,398","2,897,637","445,913","2,472,660","392,931","3,616,639","33,582","1,645,447","14,682","1,530,580","120,416","1,837,486","922,915","1,615,562","1,216,486","2,216,343","887,502","2,462,848","727,128","2,714,861","420,249","2,317,128","402,775","3,795,061","29,349","1,441,142","7,946","1,054,976","1,706,112","1,558,830"
New England Division!!Estimate,2011,"10,096","31,051","98,190","158,627","110,932","108,717","61,941","2,735","1,027","12,408","29,969","71,985","87,794","72,875","85,759","65,997","3,352","2,560","469,780","1,073,737","610,702","701,580","793,759","992,249","854,681","495,533","363,443","448,328","1,022,188","637,848","806,435","889,723","1,079,125","917,870","607,780","564,558"
Middle Atlantic Division!!Estimate,2011,"63,079","164,140","429,058","726,213","501,444","412,424","240,253","19,918","5,303","60,655","147,352","307,860","484,827","366,036","370,721","263,822","25,287","10,609","1,421,267","2,989,182","1,569,409","1,856,330","2,074,520","2,543,369","2,210,811","1,338,624","1,016,582","1,363,225","2,854,118","1,660,079","2,206,931","2,348,274","2,773,485","2,419,012","1,706,996","1,610,670"
East North Central Division!!Estimate,2011,"77,572","204,359","559,448","816,622","567,913","535,200","306,937","13,425","5,277","76,193","193,160","399,083","540,519","450,257","478,290","354,223","15,620","7,022","1,705,438","3,624,820","1,703,175","2,057,626","2,320,759","2,771,984","2,526,732","1,530,878","1,088,645","1,633,654","3,471,119","1,831,808","2,404,459","2,527,124","2,976,408","2,663,688","1,867,839","1,674,360"
West North Central Division!!Estimate,2011,"43,047","116,453","216,750","317,968","210,718","198,372","115,282","3,344","1,472","37,787","104,103","177,679","236,530","187,904","171,283","121,707","4,533","2,485","794,224","1,568,489","794,643","1,010,499","1,018,915","1,254,513","1,135,933","689,275","506,689","773,422","1,501,285","824,220","1,095,054","1,055,682","1,315,963","1,176,632","810,561","755,189"
South Atlantic Division!!Estimate,2011,"143,078","456,817","912,162","1,317,276","1,022,055","909,613","533,830","24,967","8,488","141,774","436,249","737,196","1,032,530","899,987","850,478","606,120","36,602","15,722","2,164,212","4,248,846","1,954,917","2,330,214","2,760,535","3,243,816","2,982,937","2,172,447","1,472,645","2,069,517","4,066,004","2,164,717","2,873,660","3,174,100","3,601,065","3,334,270","2,682,161","2,197,811"
East South Central Division!!Estimate,2011,"34,381","101,970","264,699","373,612","274,456","254,078","136,937","4,010","1,020","33,610","97,454","211,174","307,630","237,874","235,220","158,475","3,361","1,524","687,349","1,410,151","622,207","732,260","857,624","1,011,841","973,412","652,741","401,849","661,130","1,356,379","691,252","892,873","978,400","1,116,210","1,054,887","806,596","636,198"
West South Central Division!!Estimate,2011,"140,750","430,517","715,557","991,888","750,602","609,405","341,581","19,008","6,059","136,013","413,211","618,075","869,520","709,129","582,495","394,884","20,461","10,561","1,539,436","2,856,197","1,134,826","1,464,517","1,587,288","1,786,318","1,611,135","1,083,647","689,682","1,468,384","2,722,535","1,212,394","1,689,992","1,736,913","1,939,702","1,724,226","1,310,954","1,031,828"
Mountain Division!!Estimate,2011,"97,946","248,058","347,032","493,283","368,223","312,255","190,148","8,995","4,265","86,993","219,431","272,852","365,984","296,875","272,915","198,445","11,299","5,172","896,480","1,676,914","758,379","1,024,764","1,047,042","1,132,695","1,084,412","752,820","498,719","847,100","1,616,454","806,833","1,144,095","1,108,529","1,210,682","1,155,210","876,348","670,589"
Pacific Division!!Estimate,2011,"120,578","361,881","828,377","1,223,721","881,921","736,209","442,279","26,490","9,339","111,215","344,307","656,800","880,928","708,071","661,616","471,309","36,728","13,901","1,945,618","3,802,638","1,741,040","2,288,213","2,454,591","2,707,495","2,382,784","1,512,012","1,077,652","1,853,690","3,643,562","1,833,933","2,604,982","2,682,924","2,866,599","2,558,243","1,828,718","1,584,148"
New England Division!!Estimate,2012,"10,521","32,235","98,095","157,275","104,104","104,061","66,323","3,294","1,348","12,618","31,179","64,803","90,429","73,336","83,715","64,985","4,278","2,137","472,895","1,052,771","620,118","720,812","783,833","985,204","860,851","533,930","367,391","445,872","1,012,002","656,270","818,141","868,155","1,066,561","936,142","641,101","563,037"
Middle Atlantic Division!!Estimate,2012,"61,780","147,074","378,957","728,161","486,985","399,856","250,131","16,324","5,902","56,312","144,271","279,399","478,705","361,326","352,520","259,808","22,749","10,107","1,417,781","2,972,606","1,625,371","1,910,097","2,054,546","2,519,273","2,231,683","1,434,757","1,026,002","1,361,824","2,846,312","1,707,313","2,245,428","2,316,065","2,752,970","2,452,524","1,770,486","1,617,274"
East North Central Division!!Estimate,2012,"70,909","202,409","518,716","808,945","556,288","521,856","313,269","12,169","4,085","76,232","178,104","376,024","545,111","435,508","472,406","353,084","14,722","7,060","1,693,709","3,596,711","1,747,584","2,074,662","2,298,980","2,741,748","2,553,025","1,639,732","1,103,427","1,617,297","3,444,766","1,871,642","2,408,987","2,503,885","2,922,585","2,704,078","1,948,637","1,670,036"
West North Central Division!!Estimate,2012,"46,485","104,470","206,545","308,846","208,222","192,403","111,326","3,811",714,"38,261","104,042","164,464","244,068","174,665","167,999","122,120","4,594","1,110","793,312","1,582,105","815,730","1,039,667","1,018,332","1,231,156","1,155,665","733,617","513,454","765,019","1,499,880","838,646","1,108,703","1,060,811","1,289,233","1,195,640","845,888","757,638"
South Atlantic Division!!Estimate,2012,"140,343","411,614","870,334","1,302,938","1,013,115","905,066","546,544","28,486","9,244","130,412","415,280","718,439","1,034,373","878,923","860,600","624,588","38,115","18,012","2,168,584","4,278,350","2,012,629","2,415,139","2,772,454","3,233,895","3,007,136","2,329,672","1,513,540","2,072,950","4,114,956","2,206,416","2,939,878","3,183,446","3,579,868","3,363,339","2,810,654","2,239,325"
East South Central Division!!Estimate,2012,"35,883","90,452","245,889","353,346","276,670","230,336","132,774","3,475",967,"32,413","82,491","205,058","289,506","235,995","227,659","160,918","2,564","1,193","695,690","1,411,276","655,061","747,546","864,268","1,002,699","980,620","697,373","406,283","674,760","1,351,913","712,628","915,499","972,923","1,101,041","1,067,487","835,233","641,296"
West South Central Division!!Estimate,2012,"127,844","410,288","709,827","981,272","735,979","588,720","351,439","16,676","7,858","124,003","396,585","605,383","874,426","702,396","597,946","412,433","27,558","12,738","1,535,227","2,900,096","1,163,237","1,531,685","1,627,412","1,797,006","1,635,492","1,158,942","706,941","1,470,970","2,768,316","1,245,705","1,720,200","1,768,088","1,909,845","1,747,423","1,374,796","1,047,248"
Mountain Division!!Estimate,2012,"92,576","235,108","329,709","501,553","361,315","297,390","196,983","10,068","2,647","85,896","223,496","272,099","368,493","311,534","277,807","208,798","12,264","5,288","885,763","1,698,638","785,262","1,041,566","1,060,593","1,131,240","1,095,752","807,379","516,396","840,553","1,626,448","822,198","1,152,855","1,107,676","1,196,912","1,166,586","929,445","694,005"
Pacific Division!!Estimate,2012,"107,307","358,959","792,003","1,223,622","868,024","736,250","465,124","29,298","7,992","113,089","332,866","625,165","875,082","706,888","683,787","489,066","38,315","15,155","1,961,157","3,792,652","1,804,696","2,348,123","2,486,368","2,684,465","2,405,887","1,613,778","1,111,734","1,854,471","3,636,065","1,893,906","2,648,191","2,688,388","2,826,136","2,591,583","1,939,555","1,607,843"
New England Division!!Estimate,2013,"13,086","36,034","92,394","160,000","109,369","106,712","71,044","2,572","1,082","11,647","35,060","66,381","94,664","71,303","88,433","66,111","4,089","1,819","468,013","1,037,847","631,677","740,951","762,647","966,770","876,706","563,812","374,208","444,741","993,607","658,544","832,203","849,387","1,046,620","951,183","668,589","566,349"
Middle Atlantic Division!!Estimate,2013,"65,931","152,287","362,761","710,485","494,970","394,813","264,144","17,798","6,134","63,115","148,870","272,995","481,584","361,773","355,046","264,827","24,036","10,651","1,421,779","2,938,039","1,629,813","1,973,918","2,029,918","2,488,792","2,262,782","1,498,636","1,040,223","1,360,811","2,806,698","1,704,472","2,276,316","2,280,669","2,713,867","2,494,383","1,844,117","1,622,066"
East North Central Division!!Estimate,2013,"81,396","201,179","500,149","766,090","553,145","482,374","323,083","13,981","4,996","77,063","188,314","373,307","531,866","430,409","452,963","362,097","17,400","8,176","1,678,649","3,557,584","1,789,784","2,127,084","2,287,963","2,712,650","2,602,536","1,716,444","1,124,102","1,589,193","3,418,333","1,883,101","2,442,268","2,485,124","2,870,538","2,756,168","2,034,810","1,691,918"
West North Central Division!!Estimate,2013,"45,876","101,958","206,743","302,051","200,107","180,841","117,562","3,725","2,073","42,726","104,079","155,387","240,460","170,681","169,558","132,141","4,942","2,719","787,197","1,589,462","825,844","1,061,691","1,029,153","1,209,572","1,178,739","761,778","526,229","756,754","1,517,301","864,301","1,114,605","1,069,893","1,254,339","1,217,241","879,680","769,959"
South Atlantic Division!!Estimate,2013,"136,936","424,004","841,717","1,319,442","996,413","882,491","554,673","31,712","11,822","130,627","400,867","691,740","1,025,665","885,563","865,600","644,202","46,800","21,296","2,147,826","4,319,907","2,063,713","2,465,388","2,783,610","3,224,085","3,058,646","2,457,107","1,567,537","2,073,761","4,130,714","2,234,100","3,006,724","3,162,396","3,549,889","3,422,890","2,972,302","2,295,126"
East South Central Division!!Estimate,2013,"34,585","93,828","250,751","365,418","267,216","223,558","152,341","2,881","1,081","33,700","87,034","204,247","293,570","237,152","224,545","168,578","5,536","2,373","682,763","1,410,636","664,450","757,251","862,949","995,711","982,131","729,624","418,748","658,466","1,342,601","719,507","902,829","979,651","1,080,656","1,074,440","870,603","651,513"
West South Central Division!!Estimate,2013,"133,991","413,083","702,917","959,021","728,865","585,146","362,676","21,678","6,742","139,718","399,126","596,943","839,677","708,941","583,054","408,090","27,998","12,547","1,536,372","2,925,559","1,197,163","1,602,013","1,645,670","1,794,910","1,675,209","1,212,505","731,895","1,454,866","2,792,302","1,274,948","1,794,783","1,787,279","1,898,842","1,800,167","1,445,148","1,079,807"
Mountain Division!!Estimate,2013,"79,252","220,630","326,926","475,358","360,455","295,463","196,588","10,907","3,028","75,795","213,183","265,329","364,661","308,344","268,121","220,054","12,500","4,474","880,010","1,737,910","810,722","1,074,373","1,077,215","1,126,884","1,116,459","856,236","536,907","836,789","1,659,142","837,140","1,173,046","1,124,957","1,186,464","1,183,818","982,445","715,638"
Pacific Division!!Estimate,2013,"101,485","326,207","749,707","1,214,691","872,958","706,123","460,625","30,493","9,464","104,522","317,138","605,629","848,417","704,810","648,727","496,661","42,685","13,451","1,945,710","3,818,836","1,854,647","2,431,307","2,477,097","2,690,090","2,471,133","1,720,621","1,137,861","1,845,772","3,645,780","1,909,170","2,737,978","2,690,317","2,828,025","2,640,675","2,056,171","1,647,556"
New England Division!!Estimate,2014,"14,003","29,108","77,033","131,973","88,643","81,581","51,063","3,398","1,150","10,820","33,990","48,622","79,147","53,924","64,227","50,909","5,013","1,339","457,174","1,040,027","653,356","781,491","774,145","973,019","912,092","591,724","373,407","442,285","991,978","678,738","864,369","858,866","1,054,923","989,314",,
Middle Atlantic Division!!Estimate,2014,"54,739","131,768","300,846","597,678","414,886","337,322","216,939","17,819","7,067","52,357","129,620","229,534","409,694","299,881","290,935","206,963","19,430","9,069","1,429,206","2,933,153","1,677,685","2,134,743","2,091,893","2,510,543","2,362,773","1,560,239","1,044,984","1,363,639","2,823,032","1,736,962","2,393,762","2,327,202","2,733,931","2,596,855",,
East North Central Division!!Estimate,2014,"74,019","173,414","396,999","622,536","454,110","366,113","246,946","13,938","4,880","65,511","167,057","292,644","406,353","341,964","327,791","247,335","14,626","7,230","1,658,740","3,565,088","1,879,145","2,301,481","2,370,032","2,776,722","2,721,667","1,787,650","1,139,677","1,592,657","3,413,621","1,958,152","2,575,620","2,564,016","2,937,042","2,913,073",,
West North Central Division!!Estimate,2014,"38,445","95,243","160,645","259,739","176,942","146,036","94,064","3,519",738,"36,997","89,198","135,002","194,245","147,127","126,879","98,201","4,818","1,691","798,552","1,603,230","870,584","1,106,374","1,068,799","1,221,370","1,227,829","801,226","526,971","753,677","1,540,636","875,182","1,176,660","1,098,356","1,268,296","1,273,759",,
South Atlantic Division!!Estimate,2014,"109,445","354,223","695,723","1,129,448","879,844","731,014","462,897","28,614","10,413","115,597","341,989","576,920","886,599","730,904","699,135","524,923","40,395","21,849","2,167,272","4,422,561","2,207,821","2,738,727","2,897,955","3,378,396","3,218,159","2,576,219","1,621,952","2,068,314","4,237,418","2,331,846","3,232,351","3,337,855","3,706,934","3,615,448",,
East South Central Division!!Estimate,2014,"26,542","76,179","204,096","310,495","224,242","188,193","115,247","2,803","1,231","26,187","73,257","155,079","235,361","195,395","177,797","126,057","5,281","2,238","693,633","1,426,249","698,258","812,673","912,782","1,014,981","1,026,525","758,497","437,308","651,560","1,365,433","754,117","981,219","1,015,104","1,119,178","1,136,419",,
West South Central Division!!Estimate,2014,"122,825","356,665","609,719","850,387","635,872","512,928","300,533","19,765","7,499","123,250","355,059","517,681","738,407","622,810","498,837","333,249","28,015","12,412","1,551,684","3,013,484","1,309,117","1,758,237","1,782,942","1,854,921","1,785,815","1,266,352","754,550","1,466,183","2,884,129","1,369,284","1,945,188","1,923,979","1,984,550","1,924,469",,
Mountain Division!!Estimate,2014,"65,854","175,487","261,550","404,074","299,418","231,849","148,683","12,504","4,087","65,340","170,494","201,556","287,711","244,634","213,362","159,614","14,529","5,894","893,613","1,795,086","881,580","1,172,183","1,155,526","1,181,576","1,187,175","905,460","556,971","841,134","1,713,634","910,929","1,276,039","1,210,259","1,237,531","1,273,684",,
Pacific Division!!Estimate,2014,"81,303","250,177","537,583","912,646","638,401","513,545","318,162","28,650","9,390","79,166","231,208","406,378","626,377","514,579","463,559","323,142","38,548","13,759","1,952,958","3,882,810","2,059,209","2,821,025","2,724,403","2,890,235","2,676,103","1,820,257","1,172,094","1,871,219","3,738,668","2,106,372","3,051,143","2,904,749","3,019,695","2,881,640",,
New England Division!!Estimate,2015,"8,695","26,951","59,157","115,222","71,815","67,798","41,334","2,134","1,179","10,655","24,635","44,660","65,227","46,107","46,835","38,667","4,407","1,299","460,474","1,036,902","675,239","809,996","782,165","968,648","944,894","617,684","381,068","438,576","988,433","683,035","885,974","855,539","1,056,866","1,019,976","700,676","563,624"
Middle Atlantic Division!!Estimate,2015,"46,744","105,952","235,473","496,864","353,674","277,946","165,064","18,036","3,751","42,558","94,347","166,917","302,054","245,081","218,026","152,594","19,698","8,892","1,436,236","2,954,499","1,715,816","2,264,755","2,135,717","2,539,305","2,456,652","1,619,176","1,065,636","1,370,742","2,832,378","1,773,693","2,519,582","2,368,185","2,766,795","2,693,112","1,915,884","1,624,450"
East North Central Division!!Estimate,2015,"62,192","152,494","283,769","482,963","348,177","273,404","187,766","12,126","4,595","61,017","135,179","202,208","305,926","251,766","230,937","179,721","13,834","5,510","1,650,497","3,573,213","1,967,494","2,455,258","2,452,903","2,826,739","2,824,702","1,866,642","1,151,453","1,576,742","3,442,498","2,026,014","2,691,506","2,628,611","2,978,381","3,029,641","2,112,057","1,704,016"
West North Central Division!!Estimate,2015,"38,247","85,606","147,100","217,908","150,528","118,096","83,211","3,591","1,593","32,159","77,421","110,221","160,043","122,147","104,787","81,881","3,876","2,434","794,630","1,618,685","892,193","1,146,784","1,102,065","1,225,752","1,263,369","830,600","540,229","765,165","1,551,085","902,556","1,209,184","1,130,064","1,262,189","1,318,174","917,221","769,460"
South Atlantic Division!!Estimate,2015,"96,452","292,380","587,263","995,526","747,605","615,995","385,197","30,182","11,185","94,907","271,425","458,959","737,954","628,064","566,846","423,283","38,171","17,622","2,184,860","4,507,929","2,305,322","2,930,766","3,040,711","3,498,150","3,385,557","2,688,148","1,680,345","2,099,023","4,328,205","2,423,382","3,450,608","3,456,765","3,845,233","3,818,267","3,120,775","2,356,505"
East South Central Division!!Estimate,2015,"23,116","63,915","165,245","259,339","200,302","163,897","97,369","4,081","1,085","22,979","58,036","132,394","182,887","157,911","143,379","103,332","3,379","2,095","680,015","1,438,557","729,491","870,876","931,587","1,032,669","1,061,694","789,019","442,649","656,387","1,388,511","769,723","1,038,211","1,054,515","1,136,208","1,173,551","905,362","663,883"
West South Central Division!!Estimate,2015,"105,738","313,008","529,670","785,642","608,112","451,620","275,714","21,214","6,809","105,526","303,436","449,920","682,584","565,090","425,215","301,129","25,504","14,981","1,565,657","3,112,247","1,390,608","1,867,397","1,844,685","1,926,504","1,863,401","1,322,208","777,196","1,491,548","2,977,490","1,438,517","2,058,286","1,998,249","2,074,294","2,014,614","1,517,156","1,101,533"
Mountain Division!!Estimate,2015,"48,563","145,469","208,590","333,250","251,030","189,607","128,517","9,089","3,488","48,478","135,040","162,755","230,833","204,611","168,417","121,722","14,541","8,002","894,074","1,842,636","938,559","1,274,310","1,224,264","1,228,428","1,232,868","953,832","582,614","858,878","1,771,818","949,993","1,359,181","1,270,488","1,282,586","1,340,300","1,039,211","734,064"
Pacific Division!!Estimate,2015,"51,923","149,531","372,908","689,496","497,840","371,917","229,575","25,680","7,208","51,335","147,876","264,470","435,484","367,976","311,442","210,601","30,111","10,619","1,986,894","3,970,290","2,192,255","3,140,238","2,881,338","3,042,892","2,827,383","1,922,015","1,211,560","1,884,917","3,827,255","2,216,247","3,317,769","3,056,480","3,171,675","3,063,440","2,171,953","1,685,117"
New England Division!!Estimate,2016,"10,538","19,333","48,104","97,075","67,566","58,179","43,282","2,121",717,"8,802","19,226","34,794","56,809","42,264","45,910","36,144","2,386","1,633","457,463","1,030,881","686,406","842,402","772,319","960,478","950,584","641,697","387,321","438,097","983,115","693,459","895,359","846,461","1,034,649","1,036,871","726,754","574,468"
Middle Atlantic Division!!Estimate,2016,"41,439","103,795","191,157","427,085","310,515","234,239","150,693","17,427","3,852","45,431","96,814","133,155","271,385","218,063","185,946","134,634","20,861","9,650","1,429,514","2,929,075","1,733,541","2,363,301","2,142,654","2,523,479","2,498,269","1,676,437","1,074,070","1,352,732","2,818,635","1,775,454","2,563,924","2,355,486","2,741,759","2,742,068","1,973,556","1,632,501"
East North Central Division!!Estimate,2016,"58,720","128,315","247,360","425,119","312,196","248,594","170,600","12,607","2,996","51,605","128,026","169,226","262,709","219,983","195,448","164,164","15,455","4,766","1,655,583","3,556,191","1,992,074","2,550,923","2,450,579","2,791,226","2,872,010","1,935,446","1,175,213","1,577,063","3,415,375","2,021,776","2,748,009","2,625,098","2,956,106","3,073,572","2,185,838","1,719,959"
West North Central Division!!Estimate,2016,"31,862","70,105","133,271","195,024","142,049","114,157","88,101","2,471",895,"29,895","69,526","95,992","149,940","120,835","96,482","77,877","3,756","2,136","813,051","1,637,175","899,848","1,172,870","1,117,942","1,202,082","1,271,775","871,553","545,467","759,095","1,559,984","901,750","1,218,977","1,140,161","1,242,446","1,341,023","952,339","777,938"
South Atlantic Division!!Estimate,2016,"99,833","273,841","520,247","919,351","734,657","589,366","385,784","30,039","10,009","93,052","250,462","422,121","693,219","599,556","538,736","415,259","40,645","15,378","2,173,113","4,573,171","2,329,165","3,053,232","3,039,213","3,535,606","3,471,912","2,804,221","1,740,352","2,081,712","4,396,602","2,426,355","3,558,041","3,488,768","3,870,996","3,912,854","3,261,477","2,415,543"
East South Central Division!!Estimate,2016,"19,868","54,800","139,578","238,092","174,710","148,915","94,081","4,704",975,"19,709","49,977","103,000","171,882","141,612","133,201","95,997","3,601","2,112","681,720","1,461,096","748,646","909,328","929,294","1,046,789","1,065,669","809,307","452,624","656,725","1,386,153","789,685","1,060,539","1,059,136","1,149,322","1,197,199","934,089","673,856"
West South Central Division!!Estimate,2016,"108,403","309,168","505,227","744,988","590,157","438,214","281,114","21,986","5,922","104,016","278,493","434,483","657,423","546,112","424,249","288,642","25,576","12,472","1,583,688","3,142,114","1,429,667","1,952,034","1,875,843","1,933,845","1,889,188","1,374,082","801,563","1,506,034","3,030,579","1,447,371","2,127,450","2,032,351","2,065,647","2,061,769","1,581,933","1,131,371"
Mountain Division!!Estimate,2016,"45,527","125,959","175,442","316,436","227,195","187,579","121,424","7,902","3,571","44,529","123,063","131,546","199,079","189,869","154,887","121,903","12,229","3,794","900,151","1,889,766","970,796","1,321,686","1,262,127","1,241,734","1,266,169","1,005,761","603,604","862,248","1,783,693","982,099","1,412,312","1,300,640","1,295,861","1,367,144","1,092,575","765,044"
Pacific Division!!Estimate,2016,"47,057","137,594","288,084","575,711","448,571","336,910","214,349","21,952","6,272","44,131","134,560","208,642","364,451","328,138","280,149","197,574","28,545","11,372","1,985,230","3,994,594","2,218,127","3,313,086","2,932,861","3,069,110","2,884,564","2,001,041","1,243,959","1,895,500","3,829,401","2,227,657","3,444,264","3,098,234","3,181,861","3,115,832","2,265,867","1,724,177"
New England Division!!Estimate,2017,"10,545","28,020","59,034","94,961","73,734","62,355","41,616","3,781",867,"9,012","25,088","40,708","53,850","44,949","48,515","41,040","4,674","1,275","454,362","1,128,935","659,038","765,007","771,283","930,057","966,462","667,728","398,056","431,920","1,082,796","666,823","820,288","845,110","1,009,119","1,043,889","755,599","589,980"
Middle Atlantic Division!!Estimate,2017,"46,598","117,262","201,024","367,493","291,059","221,868","151,606","15,031","4,062","46,655","110,105","142,973","229,439","211,807","174,739","134,581","18,624","8,287","1,404,092","3,196,636","1,718,988","2,152,375","2,184,521","2,482,437","2,528,302","1,739,735","1,120,419","1,342,218","3,068,163","1,772,102","2,330,793","2,367,076","2,704,577","2,772,490","2,041,334","1,693,499"
East North Central Division!!Estimate,2017,"58,101","164,971","263,582","393,092","300,780","238,933","179,998","15,275","5,630","60,684","158,680","188,935","248,139","224,832","201,865","174,607","15,410","7,099","1,641,455","3,848,308","1,942,273","2,297,979","2,463,604","2,748,263","2,877,060","2,010,942","1,209,523","1,560,484","3,680,648","1,971,990","2,470,924","2,629,134","2,888,413","3,078,997","2,274,384","1,755,763"
West North Central Division!!Estimate,2017,"33,006","91,218","134,106","185,051","145,548","119,437","89,926","4,626","1,018","32,162","82,226","97,200","141,711","118,283","105,908","87,487","5,328","1,652","807,948","1,771,115","869,471","1,076,620","1,130,232","1,163,995","1,282,099","906,771","557,886","770,537","1,688,882","871,901","1,109,134","1,153,544","1,200,433","1,342,937","992,251","786,965"
South Atlantic Division!!Estimate,2017,"106,736","349,306","566,322","852,676","768,152","626,521","425,069","26,929","10,863","105,742","316,717","458,859","653,988","619,958","562,775","444,792","38,261","16,092","2,169,469","4,957,379","2,300,773","2,744,973","3,062,614","3,484,618","3,511,507","2,884,792","1,824,242","2,081,451","4,808,800","2,391,406","3,192,337","3,507,332","3,842,375","3,968,141","3,383,764","2,486,482"
East South Central Division!!Estimate,2017,"27,120","74,732","163,724","212,091","183,677","148,716","103,044","4,348","1,219","20,256","62,619","122,022","150,737","139,174","137,013","109,738","3,319","1,500","674,900","1,580,127","711,504","815,969","921,636","1,037,752","1,077,839","829,392","469,439","647,152","1,525,303","757,205","949,963","1,064,916","1,122,176","1,196,111","967,121","684,258"
West South Central Division!!Estimate,2017,"111,174","391,814","533,645","687,344","615,764","451,570","298,008","20,549","6,643","107,911","375,634","454,258","567,158","565,465","432,400","313,923","28,002","15,640","1,577,973","3,407,101","1,388,394","1,752,045","1,905,203","1,933,382","1,911,281","1,434,573","819,621","1,501,993","3,253,992","1,420,017","1,941,053","2,065,385","2,060,361","2,084,133","1,628,665","1,155,715"
Mountain Division!!Estimate,2017,"49,232","155,386","187,310","275,823","239,519","177,933","134,578","9,902","3,661","45,230","145,404","141,110","192,352","192,267","149,638","124,097","10,476","5,759","891,441","2,042,061","976,396","1,220,162","1,275,416","1,246,238","1,279,346","1,035,850","627,813","852,685","1,954,900","964,580","1,283,331","1,329,997","1,293,898","1,386,199","1,139,051","776,414"
Pacific Division!!Estimate,2017,"53,252","155,191","319,174","518,757","452,614","343,518","218,705","22,849","9,024","47,544","149,477","218,625","321,365","328,502","275,417","201,998","25,605","12,517","1,956,707","4,344,381","2,225,515","3,030,818","2,988,707","3,035,397","2,925,517","2,072,729","1,276,136","1,870,898","4,173,302","2,253,278","3,131,529","3,149,852","3,164,180","3,148,058","2,354,337","1,763,453"
New England Division!!Estimate,2018,"7,729","23,998","52,356","94,208","70,244","59,710","47,626","3,118",867,"9,501","26,116","36,773","53,747","47,600","44,829","41,977","4,545","1,553","449,845","1,120,197","662,329","783,039","784,897","905,972","967,324","684,185","415,314","434,171","1,076,285","666,135","830,030","848,467","982,667","1,055,007","778,136","608,354"
Middle Atlantic Division!!Estimate,2018,"48,968","108,950","183,998","356,254","276,512","211,846","143,915","14,371","5,088","44,416","108,589","134,267","229,302","197,632","169,593","135,831","17,976","8,101","1,386,143","3,134,923","1,672,918","2,161,544","2,180,320","2,406,941","2,528,581","1,778,754","1,147,252","1,327,534","3,026,780","1,720,305","2,308,901","2,355,309","2,610,873","2,768,129","2,073,890","1,726,229"
East North Central Division!!Estimate,2018,"72,710","171,275","272,541","386,797","321,114","250,077","183,549","13,467","4,441","60,735","168,263","193,350","265,317","240,159","203,038","181,640","16,389","6,483","1,621,882","3,800,881","1,934,011","2,328,266","2,467,084","2,662,880","2,879,455","2,068,043","1,260,363","1,560,776","3,625,187","1,944,366","2,473,684","2,625,725","2,816,560","3,079,228","2,331,122","1,811,978"
West North Central Division!!Estimate,2018,"34,003","83,919","139,513","183,390","157,401","122,462","97,898","6,054","1,116","33,447","86,231","104,505","136,518","117,314","103,909","90,624","3,837","2,213","792,380","1,787,679","859,725","1,071,018","1,144,690","1,127,866","1,275,331","929,647","584,214","761,785","1,689,307","876,517","1,110,437","1,181,663","1,166,994","1,349,916","1,027,503","803,639"
South Atlantic Division!!Estimate,2018,"113,190","360,797","579,829","868,873","766,665","619,012","424,063","32,183","10,568","105,053","334,737","456,387","651,852","639,642","552,566","460,401","37,654","18,843","2,158,615","5,006,136","2,243,775","2,822,230","3,098,747","3,433,470","3,559,134","2,951,780","1,924,042","2,074,071","4,783,311","2,403,437","3,238,489","3,542,685","3,796,535","4,016,539","3,478,741","2,606,969"
East South Central Division!!Estimate,2018,"26,624","72,554","161,594","222,016","199,880","150,043","114,206","3,838",738,"25,469","74,448","122,461","166,423","153,679","145,402","112,458","4,500","1,583","674,466","1,581,855","711,173","823,254","914,042","1,009,951","1,069,719","854,078","491,986","645,402","1,483,012","759,048","958,617","1,046,990","1,100,066","1,201,659","988,109","714,412"
West South Central Division!!Estimate,2018,"118,708","406,168","546,461","694,321","613,610","478,658","313,366","25,126","9,749","117,724","386,529","454,784","597,451","575,048","451,982","324,071","30,737","13,663","1,558,879","3,397,752","1,384,756","1,776,090","1,947,444","1,897,792","1,920,646","1,475,194","862,373","1,503,362","3,254,904","1,428,076","1,939,918","2,088,559","2,040,320","2,098,904","1,693,195","1,195,033"
Mountain Division!!Estimate,2018,"53,037","164,747","192,107","282,418","245,630","189,780","132,027","9,723","2,493","52,514","148,664","144,267","207,371","198,272","162,062","133,270","13,437","5,593","888,133","2,054,190","968,883","1,254,142","1,313,616","1,236,871","1,292,182","1,078,692","667,926","846,506","1,955,725","977,949","1,293,085","1,357,743","1,286,067","1,394,297","1,185,258","822,670"
Pacific Division!!Estimate,2018,"50,011","159,181","326,221","529,114","464,260","344,871","224,133","26,817","7,538","45,541","150,824","227,816","335,567","328,218","280,430","204,840","26,479","10,077","1,944,667","4,328,211","2,176,491","3,063,623","3,020,636","2,983,492","2,932,319","2,134,460","1,334,212","1,846,156","4,180,632","2,189,080","3,169,405","3,176,756","3,101,685","3,150,324","2,425,455","1,823,180"
New England Division!!Estimate,2019,"10,913","30,335","58,508","99,168","77,043","61,324","46,626","5,161",972,"10,974","28,327","37,665","58,920","50,378","50,580","41,171","2,815","1,405","447,950","1,095,059","648,399","787,018","788,402","871,809","971,595","702,056","432,955","422,703","1,056,643","667,832","823,537","849,666","949,622","1,054,903","805,572","620,302"
Middle Atlantic Division!!Estimate,2019,"47,155","116,998","190,333","339,178","281,153","211,140","159,093","19,501","4,791","41,745","110,925","134,175","224,296","197,520","176,273","144,077","18,744","8,220","1,373,780","3,113,689","1,644,479","2,170,486","2,175,393","2,324,403","2,515,358","1,830,455","1,176,189","1,319,101","2,986,109","1,675,248","2,321,702","2,363,310","2,513,832","2,765,295","2,135,410","1,752,359"
East North Central Division!!Estimate,2019,"70,821","186,903","283,954","409,142","340,095","259,342","200,774","13,817","3,466","64,989","175,815","187,408","270,031","261,808","212,361","196,471","15,249","6,837","1,616,484","3,747,045","1,887,239","2,323,207","2,447,305","2,581,869","2,852,946","2,136,446","1,293,038","1,538,215","3,606,244","1,933,970","2,477,868","2,618,708","2,733,675","3,054,777","2,415,509","1,841,919"
West North Central Division!!Estimate,2019,"37,488","94,921","148,922","192,067","159,594","121,479","106,541","5,977",840,"38,468","92,148","108,318","145,257","129,858","101,246","102,070","5,022","2,136","788,727","1,760,924","844,657","1,057,393","1,160,077","1,099,417","1,267,969","962,762","598,633","743,512","1,689,116","845,978","1,120,913","1,188,555","1,131,690","1,335,785","1,063,768","828,698"
South Atlantic Division!!Estimate,2019,"97,990","361,367","584,630","875,108","781,165","624,404","449,843","32,788","8,893","106,696","355,102","456,492","655,214","633,335","550,595","470,417","45,456","17,659","2,178,785","4,957,665","2,252,832","2,800,745","3,111,446","3,369,304","3,595,313","3,035,030","2,011,396","2,051,172","4,790,671","2,389,771","3,250,572","3,566,830","3,752,102","4,054,467","3,591,604","2,704,444"
East South Central Division!!Estimate,2019,"27,836","82,732","162,028","231,951","205,402","156,222","113,952","4,672","1,022","26,785","74,083","127,879","168,972","157,364","143,273","118,466","5,694","1,650","674,861","1,544,413","709,534","815,635","909,083","986,878","1,069,694","875,035","512,316","649,665","1,477,457","744,978","961,939","1,054,515","1,080,987","1,203,615","1,020,817","729,929"
West South Central Division!!Estimate,2019,"144,996","445,828","538,590","732,532","659,424","482,237","326,883","24,699","8,562","138,105","446,107","475,933","600,837","586,526","466,163","340,861","29,872","13,863","1,517,026","3,353,066","1,374,033","1,755,222","1,948,928","1,871,461","1,922,323","1,521,516","897,099","1,449,481","3,208,360","1,411,802","1,959,597","2,114,627","2,012,340","2,105,569","1,757,290","1,246,614"
Mountain Division!!Estimate,2019,"54,811","180,549","201,013","287,585","253,766","196,322","136,454","9,591","2,897","54,312","166,502","168,650","216,610","206,306","170,498","146,816","12,123","5,345","876,851","2,033,521","971,023","1,281,675","1,339,588","1,228,091","1,302,856","1,115,444","699,853","840,339","1,937,115","957,076","1,317,728","1,376,025","1,269,243","1,390,863","1,232,648","858,161"
Pacific Division!!Estimate,2019,"54,398","173,828","325,797","553,868","454,117","366,486","242,600","24,666","7,798","54,171","169,979","239,345","352,319","339,610","307,982","233,699","27,327","12,140","1,894,373","4,292,250","2,131,454","3,052,882","3,065,911","2,902,372","2,911,473","2,199,734","1,379,587","1,816,330","4,126,628","2,147,767","3,146,157","3,198,543","3,020,432","3,122,341","2,511,953","1,874,206"
New England Division!!Estimate,2021,"6,988","26,700","41,457","83,626","81,003","51,925","39,378","4,312","1,581","6,853","26,722","33,560","48,482","41,005","38,089","35,826","4,607","2,542","438,506","1,127,310","647,510","813,074","846,686","871,284","1,007,465","772,061","434,228","425,399","1,075,639","666,815","849,641","911,983","922,653","1,071,395","862,995","604,036"
Middle Atlantic Division!!Estimate,2021,"41,699","120,867","175,340","332,790","289,979","221,487","163,797","19,499","5,999","42,823","111,924","126,444","197,234","195,339","160,541","141,334","22,893","7,567","1,356,642","3,258,467","1,602,045","2,186,183","2,337,439","2,338,308","2,624,129","2,032,826","1,186,321","1,301,397","3,098,605","1,667,003","2,347,028","2,490,000","2,484,809","2,813,597","2,302,039","1,725,680"
East North Central Division!!Estimate,2021,"65,153","168,015","259,097","393,046","319,049","240,962","204,625","15,505","4,253","62,412","163,104","178,412","239,747","227,982","200,269","180,213","15,219","7,716","1,573,301","3,835,328","1,886,990","2,334,818","2,602,466","2,583,311","2,876,068","2,322,192","1,270,664","1,494,362","3,671,471","1,915,894","2,511,964","2,727,522","2,666,227","3,021,438","2,580,471","1,773,480"
West North Central Division!!Estimate,2021,"37,239","92,338","138,230","182,001","168,268","115,458","100,863","5,448","1,542","32,762","86,700","103,457","126,367","122,521","98,913","98,930","5,004","2,017","768,151","1,836,420","854,403","1,042,136","1,235,335","1,105,797","1,282,074","1,055,541","587,427","725,282","1,728,889","859,655","1,101,616","1,253,487","1,113,934","1,312,866","1,140,803","793,844"
South Atlantic Division!!Estimate,2021,"109,235","339,662","536,560","834,841","743,631","572,309","443,277","31,187","9,965","110,390","322,732","419,713","596,664","575,124","499,613","453,885","41,863","17,999","2,118,107","5,108,447","2,233,594","2,848,968","3,318,848","3,447,798","3,736,652","3,251,192","2,011,585","2,006,201","4,917,434","2,392,813","3,299,321","3,761,131","3,730,637","4,087,413","3,780,158","2,678,952"
East South Central Division!!Estimate,2021,"27,252","88,105","163,108","227,431","198,639","149,263","122,650","7,570",532,"21,553","79,027","117,185","162,147","153,112","130,716","111,874","6,180","2,120","670,660","1,566,702","702,961","834,009","978,736","995,727","1,098,027","938,821","510,788","635,260","1,533,978","747,272","975,813","1,095,951","1,082,471","1,208,841","1,079,947","720,210"
West South Central Division!!Estimate,2021,"126,578","449,552","548,427","723,266","665,923","491,997","359,307","31,447","6,084","116,092","401,449","450,827","593,563","577,227","445,265","348,112","31,450","13,831","1,493,607","3,439,146","1,359,996","1,768,968","2,064,736","1,908,188","1,946,144","1,635,647","908,018","1,424,432","3,308,014","1,436,072","1,974,377","2,216,898","2,029,969","2,078,901","1,870,509","1,221,145"
Mountain Division!!Estimate,2021,"50,265","178,223","197,090","293,574","259,305","196,909","143,509","11,628","2,257","56,925","164,385","145,378","199,132","192,676","168,596","134,881","14,424","4,589","843,456","2,078,681","952,230","1,298,454","1,433,199","1,273,924","1,316,611","1,197,710","711,963","789,251","1,991,490","977,210","1,360,162","1,457,190","1,279,400","1,388,072","1,304,735","852,536"
Pacific Division!!Estimate,2021,"51,991","171,638","297,059","476,470","441,250","340,237","225,329","32,425","7,853","47,761","159,574","203,710","301,580","312,436","276,090","199,300","34,821","11,052","1,795,500","4,360,982","2,053,444","3,034,515","3,217,336","2,946,706","2,967,412","2,341,489","1,377,902","1,705,686","4,163,612","2,103,251","3,143,016","3,287,707","2,997,925","3,086,845","2,618,731","1,840,315"
New England Division!!Estimate,2022,"10,929","29,201","53,498","81,821","67,190","50,424","42,137","6,292","1,264","8,553","26,870","31,567","50,840","39,319","39,623","33,157","4,566","2,811","437,817","1,100,415","660,682","811,348","879,278","862,464","997,052","776,586","469,505","417,523","1,059,440","674,886","837,561","922,978","896,917","1,058,569","867,103","655,577"
Middle Atlantic Division!!Estimate,2022,"50,200","125,898","166,586","281,939","280,396","196,382","153,332","21,058","5,370","45,253","116,686","131,350","190,908","181,434","146,314","126,541","23,249","9,984","1,318,080","3,182,913","1,691,248","2,241,711","2,378,321","2,325,932","2,576,524","2,026,510","1,262,922","1,254,609","3,052,456","1,731,558","2,309,605","2,488,913","2,431,041","2,750,158","2,298,289","1,859,343"
East North Central Division!!Estimate,2022,"62,482","159,243","233,872","368,485","297,675","225,738","186,968","16,790","3,185","58,341","151,733","166,829","212,404","204,292","189,191","159,362","16,460","6,519","1,535,571","3,789,042","1,970,001","2,402,146","2,639,939","2,574,002","2,827,514","2,332,877","1,361,300","1,454,382","3,602,759","1,960,914","2,515,298","2,740,199","2,623,244","2,962,415","2,583,343","1,905,408"
West North Central Division!!Estimate,2022,"33,245","91,500","132,178","177,264","151,805","110,446","92,573","6,382","1,432","31,186","87,082","92,252","114,025","112,805","87,720","81,743","5,633","3,552","756,893","1,797,406","893,412","1,074,888","1,257,740","1,119,467","1,250,634","1,059,218","625,961","707,239","1,717,527","890,270","1,117,937","1,277,096","1,102,353","1,294,432","1,141,026","853,058"
South Atlantic Division!!Estimate,2022,"100,253","337,390","517,046","761,235","713,877","536,775","412,125","36,654","8,984","97,704","307,863","394,202","551,699","538,683","455,166","404,743","43,098","17,751","2,105,282","5,122,899","2,394,579","2,987,364","3,449,440","3,498,912","3,764,169","3,242,037","2,171,238","2,040,015","4,862,961","2,555,376","3,378,129","3,846,275","3,754,650","4,107,731","3,792,170","2,907,869"
East South Central Division!!Estimate,2022,"28,365","82,676","154,225","215,816","186,303","136,976","111,334","5,513","1,253","25,378","71,728","111,740","150,263","141,983","111,237","99,832","6,012","2,228","654,078","1,576,064","744,091","880,799","988,443","1,015,405","1,086,724","935,732","542,727","631,494","1,517,014","782,005","998,658","1,110,110","1,089,537","1,193,681","1,085,955","765,123"
West South Central Division!!Estimate,2022,"111,472","398,268","528,063","691,011","639,292","465,684","302,228","28,737","7,912","105,316","395,794","411,614","549,447","515,906","418,651","310,063","31,744","12,984","1,487,580","3,490,699","1,489,935","1,849,760","2,159,538","1,997,683","1,973,357","1,650,094","952,508","1,419,967","3,322,211","1,541,604","2,029,192","2,309,933","2,077,656","2,092,537","1,876,091","1,310,419"
Mountain Division!!Estimate,2022,"49,193","149,963","196,969","284,630","234,624","181,804","134,267","11,862","3,335","48,955","146,097","149,242","190,744","178,818","161,086","120,795","14,562","5,600","811,667","2,076,901","1,052,998","1,334,363","1,478,350","1,302,743","1,307,989","1,195,847","760,084","800,896","1,962,100","1,032,534","1,371,964","1,485,565","1,292,908","1,371,964","1,317,191","930,932"
Pacific Division!!Estimate,2022,"45,421","155,515","274,197","467,527","413,146","319,264","211,334","29,220","9,040","45,265","140,901","181,267","288,919","276,379","247,212","187,353","30,567","15,117","1,714,856","4,298,592","2,131,808","3,055,466","3,282,562","2,976,675","2,936,705","2,341,081","1,479,968","1,641,048","4,090,056","2,155,168","3,123,476","3,303,044","2,988,035","3,014,938","2,625,303","2,003,968"
New England Division!!Estimate,2023,"10,127","29,822","49,162","89,453","70,955","51,709","41,331","6,646","1,950","10,707","27,024","34,648","52,776","48,388","34,444","33,578","5,586","3,152","441,318","1,096,669","640,994","805,824","899,578","835,962","979,949","797,478","492,716","413,322","1,056,733","648,400","846,052","935,751","892,287","1,051,354","894,800","663,390"
Middle Atlantic Division!!Estimate,2023,"46,916","130,901","177,638","311,125","277,427","197,488","139,517","22,265","6,028","48,858","127,579","124,217","190,264","189,252","148,793","121,063","23,301","9,951","1,320,764","3,172,615","1,626,760","2,162,692","2,404,227","2,284,231","2,547,888","2,081,848","1,308,961","1,257,905","3,030,597","1,671,441","2,320,820","2,516,781","2,417,422","2,724,447","2,362,684","1,851,263"
East North Central Division!!Estimate,2023,"64,959","170,357","234,783","359,369","299,286","214,944","174,749","17,434","4,544","61,691","149,731","158,832","222,169","193,498","169,474","149,967","19,015","6,493","1,511,613","3,807,664","1,894,558","2,399,793","2,640,796","2,572,834","2,779,738","2,392,090","1,413,854","1,452,235","3,621,291","1,913,048","2,532,466","2,795,280","2,644,923","2,930,466","2,658,693","1,909,247"
West North Central Division!!Estimate,2023,"32,320","89,422","129,585","168,204","143,120","93,987","87,461","6,533","2,158","29,538","80,745","94,133","106,649","103,051","74,014","73,986","5,843","2,631","737,204","1,822,033","886,817","1,078,409","1,266,911","1,140,082","1,228,795","1,095,760","649,042","703,709","1,740,628","879,282","1,127,604","1,310,477","1,138,416","1,280,290","1,174,304","843,618"
South Atlantic Division!!Estimate,2023,"111,121","361,703","491,889","763,488","721,080","506,229","383,240","39,053","11,990","105,889","328,589","389,481","555,550","545,253","440,531","374,557","42,589","15,040","2,127,672","5,178,822","2,358,602","3,012,976","3,531,424","3,519,673","3,794,118","3,329,983","2,265,715","2,031,861","4,933,245","2,492,457","3,437,950","3,971,834","3,817,341","4,166,187","3,890,435","2,961,113"
East South Central Division!!Estimate,2023,"27,797","87,993","148,276","202,489","191,863","135,513","97,826","6,401","1,682","25,704","77,573","112,178","127,284","152,947","113,693","100,793","7,165","2,340","672,687","1,579,192","739,734","886,067","1,010,012","1,012,287","1,082,776","956,097","565,961","642,127","1,513,347","773,267","1,029,171","1,126,687","1,104,766","1,188,138","1,101,537","768,815"
West South Central Division!!Estimate,2023,"126,178","446,190","520,891","672,794","609,606","456,817","287,585","32,439","8,421","121,624","423,623","420,699","523,607","533,863","402,902","307,483","35,805","15,539","1,469,459","3,503,172","1,450,577","1,883,091","2,247,496","2,016,521","1,992,503","1,696,768","1,003,188","1,412,065","3,344,114","1,518,031","2,096,179","2,369,281","2,147,536","2,107,124","1,939,899","1,335,390"
Mountain Division!!Estimate,2023,"52,095","164,291","184,605","276,548","244,588","181,077","129,231","14,711","2,583","45,035","147,744","140,129","181,257","185,137","154,392","120,130","13,355","4,144","815,399","2,058,164","1,013,104","1,366,644","1,488,346","1,316,385","1,304,372","1,233,731","803,045","783,978","1,971,002","1,011,596","1,411,645","1,505,408","1,326,078","1,376,740","1,358,188","962,233"
Pacific Division!!Estimate,2023,"46,256","162,294","276,413","439,699","405,465","321,671","206,197","31,327","8,286","41,460","141,163","190,967","269,597","277,536","247,249","178,678","29,583","13,188","1,699,043","4,276,053","2,056,306","3,015,707","3,330,332","2,924,353","2,915,658","2,393,922","1,540,156","1,613,902","4,090,620","2,094,574","3,130,652","3,362,609","2,994,079","3,021,612","2,685,795","2,030,551"
