Division,Year,Births,ChronicHypertensionBirths,DiabetesBirths,EnclampsiaBirths,Pregnancy-AssociatedHypertensionBirths,TobaccoUseBirths,HospitalBirths,BirthCenterBirths,ResidenceBirths,MD_Delivery,DO_Delivery,CNM_Delivery,OtherMidwife_Delivery,Other_Delivery,Unknown_Delivery_Attendant,Vaginal_Delivery,Cesarean_Delivery,Married,Unmarried,NoPrenatalCare,1stMonthInitialCare,2ndMonthInitialCare,3rdMonthInitialCare,4thMonthInitialCare,5thMonthInitialCare,6thMonthInitialCare,7thMonthInitialCare,8thMonthInitialCare,9thMonthInitialCare,UnknownInitialCare,NotReportedInitialCare,Under20Weeks,20-27Weeks,28-31Weeks,32-35Weeks,36Weeks,37-39Weeks,40Weeks,41Weeks,42PlusWeeks
New England,2010,153817,2484.0,8737.0,1291.0,6224.0,2905,152447.0,397.0,947,123729,7475,21551,683,325.0,54.0,102847.0,50444.0,97360.0,56457.0,64.0,364,7388.0,6917,1467.0,600,355.0,254,155,53.0,1474.0,134720,44.0,926.0,1313.0,6180.0,5138,83199,40352,15384.0,935.0
New England,2011,153040,2522.0,9307.0,641.0,5682.0,2844,151536.0,422.0,1010,122514,7500,20825,1239,295.0,667.0,101700.0,49828.0,96481.0,56559.0,101.0,393,7688.0,7111,1574.0,656,402.0,244,192,72.0,487.0,134111,66.0,900.0,1302.0,5944.0,5149,83748,38371,15233.0,796.0
New England,2012,151063,2474.0,9794.0,516.0,5888.0,8002,149491.0,447.0,1048,120550,7630,20826,1643,355.0,59.0,102307.0,48319.0,95197.0,55866.0,327.0,2473,31004.0,38796,8120.0,2886,1646.0,1116,955,441.0,2986.0,60263,60.0,909.0,1236.0,6133.0,5039,84111,37189,15230.0,848.0
New England,2013,149829,2407.0,9549.0,180.0,5815.0,7615,148103.0,509.0,1148,117931,8115,21947,1376,336.0,124.0,101725.0,47583.0,95335.0,54494.0,289.0,2503,29304.0,38616,7165.0,2833,1697.0,1202,1002,483.0,5022.0,59670,45.0,867.0,1247.0,5820.0,5139,83258,36672,15476.0,869.0
New England,2014,150146,2604.0,9587.0,299.0,6328.0,9190,148433.0,520.0,1116,117427,8572,22452,1181,427.0,87.0,102294.0,47363.0,96075.0,54071.0,467.0,3653,45002.0,35994,6497.0,2902,1879.0,1566,1150,487.0,3431.0,47108,43.0,866.0,1226.0,5991.0,4889,83424,36491,16056.0,909.0
New England,2015,149174,2613.0,10228.0,233.0,6769.0,9307,147385.0,467.0,1247,115973,8916,22781,1094,347.0,63.0,101923.0,46930.0,95195.0,53979.0,608.0,5012,48483.0,40560,7149.0,3107,2043.0,1682,1273,494.0,3008.0,35746,45.0,843.0,1274.0,5734.0,4868,84159,35622,15649.0,846.0
New England,2016,148858,2757.0,10015.0,250.0,8039.0,10236,147027.0,467.0,1279,114654,9400,23347,992,439.0,26.0,101172.0,47246.0,95742.0,53116.0,744.0,4525,64498.0,54446,9640.0,4334,2691.0,2227,1898,647.0,3199.0,0,58.0,785.0,1173.0,5812.0,5223,84458,34773,15459.0,766.0
New England,2017,146630,2935.0,11005.0,242.0,8691.0,9409,144901.0,437.0,1196,112494,9988,22772,934,406.0,36.0,99714.0,46790.0,94704.0,51910.0,724.0,3812,63613.0,53464,10053.0,4593,2865.0,2619,1773,670.0,2428.0,0,35.0,778.0,1210.0,5776.0,5194,84252,33643,14961.0,660.0
New England,2018,144078,3180.0,11466.0,284.0,9331.0,8330,142425.0,364.0,1163,109753,10386,22581,889,437.0,32.0,97845.0,46134.0,93325.0,50732.0,648.0,3514,61577.0,54643,9707.0,4463,2844.0,2449,1874,653.0,1693.0,0,35.0,746.0,1158.0,5881.0,5057,84195,32410,13955.0,548.0
New England,2019,142529,3120.0,11706.0,306.0,10088.0,7566,140891.0,372.0,1170,107459,10616,23259,750,411.0,34.0,96901.0,45459.0,92610.0,49905.0,663.0,3503,62296.0,53477,9514.0,4024,2661.0,2197,1793,637.0,1750.0,0,36.0,744.0,1137.0,5740.0,5200,86254,30649,12132.0,447.0
New England,2020,138452,3865.0,12316.0,289.0,10811.0,6754,136485.0,401.0,1487,103146,10563,23334,896,489.0,24.0,93365.0,44817.0,89047.0,49384.0,546.0,3421,59623.0,53357,9422.0,4047,2445.0,2018,1555,525.0,1483.0,0,39.0,668.0,1035.0,5612.0,4859,84772,29322,11460.0,386.0
New England,2021,145286,4658.0,13980.0,441.0,12252.0,5577,143059.0,548.0,1586,107440,11203,25147,942,522.0,32.0,97391.0,47169.0,94417.0,50840.0,690.0,3859,58543.0,59902,9934.0,3993,2436.0,2092,1524,574.0,1730.0,0,32.0,714.0,1138.0,6113.0,5245,90621,29455,10915.0,487.0
New England,2022,143671,5054.0,13587.0,255.0,12691.0,4474,141425.0,492.0,1659,105870,11291,24863,996,616.0,35.0,95576.0,47861.0,93826.0,49814.0,894.0,4170,55097.0,59215,10181.0,4627,2924.0,2453,1815,756.0,1522.0,0,28.0,688.0,1049.0,6075.0,5259,90498,28813,10568.0,465.0
New England,2023,140085,5451.0,13618.0,224.0,12955.0,3512,137978.0,418.0,1593,101714,11720,25075,819,742.0,15.0,93183.0,46666.0,90719.0,49345.0,1138.0,3342,53921.0,57853,10561.0,4231,2810.0,2369,1879,746.0,1219.0,0,36.0,615.0,1129.0,5849.0,5083,89360,27467,9887.0,403.0
Middle Atlantic,2010,494618,7050.0,27573.0,301.0,17131.0,37276,487464.0,1902.0,4822,409107,34151,46732,1946,2516.0,166.0,322001.0,170340.0,295503.0,199115.0,3946.0,11240,118473.0,142892,44622.0,20486,12385.0,8949,6441,3026.0,14897.0,106922,182.0,3420.0,4809.0,21278.0,17637,284151,121795,37478.0,2314.0
Middle Atlantic,2011,490373,7404.0,27872.0,308.0,16772.0,35722,482924.0,1670.0,5174,404170,35202,46154,2021,2543.0,283.0,319743.0,168333.0,293357.0,197016.0,3614.0,10192,119073.0,141984,45291.0,20530,12202.0,8287,6389,3120.0,13460.0,105883,143.0,3346.0,4662.0,20828.0,17191,283193,119532,37696.0,2238.0
Middle Atlantic,2012,487660,7383.0,29911.0,364.0,16481.0,34757,479988.0,1836.0,5082,400477,35634,46346,2333,2675.0,195.0,318489.0,167141.0,291941.0,195719.0,3350.0,11474,119732.0,141496,43404.0,20037,11778.0,8169,6296,3125.0,14225.0,104230,165.0,3407.0,4554.0,20351.0,16927,285572,115976,37095.0,1979.0
Middle Atlantic,2013,480476,7423.0,29401.0,884.0,17244.0,32760,472586.0,1858.0,5098,391985,35703,47490,2276,2878.0,144.0,314513.0,164287.0,290145.0,190331.0,3493.0,12440,121549.0,136634,40811.0,18617,11086.0,8346,6815,3309.0,14423.0,102575,164.0,3116.0,4360.0,20006.0,16412,278384,115822,38547.0,2049.0
Middle Atlantic,2014,484346,7978.0,32293.0,831.0,18635.0,31692,476165.0,1979.0,5178,388623,40786,47270,4167,3332.0,168.0,320262.0,162228.0,294659.0,189687.0,3827.0,19010,150576.0,116173,33895.0,16534,10509.0,8226,6245,2361.0,13652.0,103305,173.0,2989.0,4328.0,20249.0,16551,281415,115865,40169.0,2066.0
Middle Atlantic,2015,481448,8261.0,34482.0,859.0,25521.0,29034,473070.0,1855.0,5267,380760,44238,47844,4408,4017.0,181.0,319996.0,160327.0,293418.0,188030.0,3386.0,18105,150802.0,117425,32527.0,15919,9913.0,8101,6312,2364.0,13436.0,103127,165.0,2952.0,4306.0,19966.0,16430,281100,114080,39862.0,2029.0
Middle Atlantic,2016,476339,8770.0,36694.0,1722.0,27393.0,30970,467930.0,1853.0,5375,374947,44286,50972,2065,3826.0,243.0,318069.0,157723.0,294015.0,182324.0,4953.0,24030,191846.0,150956,41046.0,19551,12068.0,10161,7716,3019.0,10943.0,0,144.0,2844.0,4227.0,19809.0,17020,281415,109863,38647.0,1804.0
Middle Atlantic,2017,468732,9034.0,37893.0,1423.0,26568.0,29064,460150.0,1902.0,5347,368727,44803,49101,2068,3860.0,173.0,311614.0,156504.0,290653.0,178019.0,5195.0,21885,185983.0,152339,40638.0,19440,12023.0,9759,7660,3240.0,10509.0,0,162.0,2885.0,4168.0,19582.0,16392,277962,107108,38144.0,1736.0
Middle Atlantic,2018,463134,9676.0,39699.0,1649.0,28899.0,26859,454263.0,2000.0,5558,363279,44949,48892,2191,3646.0,177.0,309962.0,152650.0,288766.0,174295.0,5331.0,20206,183492.0,152161,39213.0,18858,11829.0,9517,7308,2936.0,12223.0,0,135.0,2657.0,4116.0,19238.0,16668,276670,105390,36069.0,1603.0
Middle Atlantic,2019,455354,10064.0,39503.0,2028.0,31569.0,24007,446537.0,2107.0,5479,354559,43587,51308,2282,3422.0,196.0,306998.0,147569.0,283965.0,171317.0,6382.0,20946,182970.0,147936,37402.0,18003,11293.0,9187,7481,2999.0,10707.0,0,150.0,2681.0,4027.0,19418.0,16865,279095,99146,31900.0,1395.0
Middle Atlantic,2020,437985,11352.0,42509.0,1648.0,33270.0,21316,427763.0,2310.0,6465,337170,42013,52134,2927,3529.0,212.0,294739.0,142780.0,271393.0,166519.0,5646.0,16596,171733.0,147953,37358.0,18304,11018.0,8572,6586,2625.0,11563.0,0,121.0,2472.0,3722.0,18399.0,16192,273811,93185,28238.0,1240.0
Middle Atlantic,2021,444861,12348.0,45808.0,1749.0,36215.0,17737,434036.0,2265.0,6754,335706,44849,53142,3907,7041.0,216.0,298745.0,145629.0,277955.0,166823.0,6528.0,13125,170207.0,158559,37761.0,17446,10665.0,8495,6673,2615.0,12744.0,0,97.0,2447.0,3842.0,19389.0,16934,282910,90760,26678.0,1228.0
Middle Atlantic,2022,440919,13010.0,43844.0,1208.0,37480.0,14210,429785.0,1967.0,7464,327598,50299,54994,2760,5070.0,198.0,295695.0,144616.0,277071.0,163776.0,6740.0,12642,162873.0,160836,38953.0,18095,11192.0,9291,7342,3266.0,9656.0,0,137.0,2438.0,3654.0,19113.0,16327,281169,90435,25726.0,1297.0
Middle Atlantic,2023,431564,13426.0,43693.0,1175.0,39006.0,11601,420266.0,2021.0,7771,316091,51677,55187,3478,4934.0,197.0,289038.0,141977.0,271557.0,159937.0,6494.0,11726,157670.0,158480,38632.0,17849,11256.0,9520,7792,3526.0,8556.0,0,108.0,2224.0,3533.0,19073.0,16285,276846,87324,24315.0,1221.0
East North Central,2010,571286,8655.0,34301.0,1459.0,29332.0,52207,564288.0,1293.0,5300,471319,56706,37266,2129,3775.0,91.0,395554.0,174716.0,334296.0,236990.0,6636.0,26422,158692.0,172327,55764.0,25740,15243.0,9526,6129,2668.0,23310.0,68487,351.0,4035.0,5609.0,25079.0,21987,344968,127978,36579.0,2730.0
East North Central,2011,564749,9202.0,37092.0,1631.0,29002.0,59658,557459.0,1369.0,5442,463873,57415,37061,1770,3709.0,921.0,389507.0,174373.0,331375.0,233374.0,6058.0,26165,182902.0,202092,62844.0,28311,16633.0,10853,7125,3139.0,18217.0,0,332.0,4074.0,5449.0,25309.0,21233,345168,126476,33726.0,2190.0
East North Central,2012,561256,9336.0,38483.0,1709.0,29586.0,57856,553717.0,1360.0,5780,459336,58262,37801,2147,3450.0,260.0,387041.0,173658.0,327382.0,233874.0,5946.0,26157,179536.0,201870,61385.0,28294,16942.0,11182,7573,3409.0,18503.0,0,321.0,4008.0,5479.0,24801.0,21459,345716,122603,33236.0,2072.0
East North Central,2013,559107,9815.0,38522.0,1624.0,30667.0,56014,551267.0,1391.0,6051,455884,58992,38020,2761,3310.0,140.0,386075.0,172542.0,326234.0,232873.0,6221.0,24843,177331.0,201389,61999.0,28850,17419.0,11564,7794,3634.0,17510.0,0,316.0,3995.0,5324.0,24471.0,20770,345600,121288,34073.0,2227.0
East North Central,2014,563639,10277.0,38393.0,1519.0,32722.0,69835,555287.0,1515.0,6393,455877,61482,39621,3084,3459.0,116.0,390773.0,172551.0,329827.0,233812.0,7361.0,30508,222114.0,174249,52578.0,26431,15934.0,11889,7727,2873.0,11920.0,0,285.0,3884.0,5418.0,25134.0,21056,347859,121182,36187.0,2274.0
East North Central,2015,561773,10752.0,40042.0,939.0,35804.0,65377,553254.0,1636.0,6507,451354,63357,40179,3153,3606.0,124.0,391693.0,169842.0,328507.0,233266.0,7141.0,26833,220960.0,176760,51832.0,26024,15736.0,11629,8017,2916.0,13873.0,0,307.0,3786.0,5397.0,24836.0,21554,348056,119777,35519.0,2127.0
East North Central,2016,555551,11633.0,40885.0,942.0,38813.0,61485,546917.0,1785.0,6491,441547,65632,41376,3329,3520.0,147.0,386581.0,168784.0,328180.0,227371.0,7248.0,23431,216069.0,180869,50786.0,25656,15500.0,11993,8048,2841.0,13063.0,0,291.0,3901.0,5393.0,25052.0,21865,346650,115648,34524.0,1923.0
East North Central,2017,544793,12382.0,42368.0,1074.0,41040.0,59044,536181.0,1856.0,6361,427622,66634,43244,3711,3414.0,168.0,379589.0,164986.0,320811.0,223927.0,7521.0,20628,210721.0,179699,49448.0,25036,15290.0,11583,8035,3003.0,13781.0,0,305.0,3612.0,5134.0,24738.0,21683,343085,111564,32637.0,1751.0
East North Central,2018,535725,13158.0,43494.0,877.0,45140.0,54624,526732.0,1991.0,6584,416610,67428,44441,3940,3207.0,99.0,372124.0,163428.0,316223.0,219434.0,7181.0,19595,207081.0,179497,48314.0,24138,14915.0,11628,7722,2852.0,12756.0,0,296.0,3441.0,4843.0,24797.0,21651,342621,106618,29565.0,1603.0
East North Central,2019,526604,14262.0,44955.0,849.0,48884.0,49416,517492.0,1955.0,6716,404781,68763,45917,3709,3310.0,124.0,366793.0,159635.0,309403.0,217137.0,7074.0,18786,204389.0,179554,47326.0,23422,14632.0,10980,7814,2834.0,9755.0,0,277.0,3405.0,5001.0,24679.0,21387,347355,98748,24152.0,1329.0
East North Central,2020,505773,15030.0,47760.0,1023.0,48599.0,45188,495165.0,2203.0,7852,383400,69377,45908,3458,3489.0,141.0,350513.0,155092.0,295265.0,210467.0,6969.0,15837,196811.0,177587,45448.0,22620,13383.0,10036,6942,2428.0,7678.0,0,255.0,3133.0,4561.0,23206.0,20752,340235,90748,21415.0,1201.0
East North Central,2021,508687,16720.0,50649.0,1276.0,52284.0,38134,496520.0,2667.0,8981,372554,69223,48124,4904,13669.0,213.0,350414.0,157960.0,301709.0,206918.0,7816.0,13868,196724.0,186997,44400.0,20967,12338.0,9673,6835,2513.0,6524.0,0,238.0,3104.0,4814.0,24550.0,21193,348031,86019,19216.0,1211.0
East North Central,2022,498600,17258.0,48869.0,1051.0,54384.0,29765,486201.0,3229.0,8788,359752,69863,50333,5206,13358.0,88.0,343706.0,154609.0,297409.0,201133.0,8240.0,14697,187538.0,184275,44394.0,21223,12872.0,10113,7183,2645.0,5390.0,0,236.0,3062.0,4654.0,24031.0,20980,340545,84244,19370.0,1192.0
East North Central,2023,489594,18132.0,48905.0,945.0,56764.0,23744,476753.0,3300.0,9126,350233,71597,53069,5542,9058.0,95.0,337116.0,152037.0,291863.0,197673.0,9069.0,13794,178998.0,182995,44643.0,21119,12843.0,10149,7202,2624.0,6123.0,0,231.0,3051.0,4507.0,23418.0,20628,335736,81830,18625.0,1287.0
West North Central,2010,271570,3316.0,15694.0,1235.0,11558.0,33632,268491.0,302.0,2463,226509,26324,16156,1102,1387.0,92.0,190072.0,80922.0,173268.0,98302.0,1729.0,5737,64881.0,78513,22463.0,10250,5724.0,3586,2383,1093.0,6453.0,68610,105.0,1540.0,2376.0,11093.0,10326,163147,63348,17597.0,1375.0
West North Central,2011,269475,3368.0,16649.0,692.0,12603.0,32262,266237.0,280.0,2647,223038,26707,16560,1338,1489.0,343.0,189454.0,79304.0,172523.0,96952.0,1699.0,5611,64799.0,77670,22133.0,9792,5728.0,3576,2442,1128.0,6332.0,68409,104.0,1457.0,2261.0,10599.0,9824,162806,62476,17827.0,1324.0
West North Central,2012,271413,3864.0,17538.0,685.0,13770.0,39489,267488.0,571.0,3025,223466,27601,16860,1652,1662.0,172.0,190264.0,80617.0,173474.0,97939.0,1960.0,6943,84708.0,111213,29689.0,13136,7467.0,4657,3295,1526.0,6643.0,0,95.0,1589.0,2251.0,10947.0,10069,165069,61838,17559.0,1401.0
West North Central,2013,271330,4028.0,18039.0,635.0,14249.0,37828,266909.0,1130.0,3011,221871,28067,17863,1557,1742.0,230.0,191265.0,79736.0,173873.0,97457.0,1994.0,6926,86035.0,110677,29530.0,12918,7521.0,4902,3413,1690.0,5465.0,0,86.0,1547.0,2295.0,10676.0,9448,164211,62841,18261.0,1366.0
West North Central,2014,274610,4082.0,18460.0,671.0,15763.0,36229,269948.0,1239.0,3145,221765,29819,19174,1617,1878.0,357.0,195182.0,79163.0,176309.0,98301.0,2238.0,9907,110104.0,93778,24231.0,12079,7176.0,5260,3395,1338.0,5071.0,0,104.0,1557.0,2253.0,11087.0,9926,167337,61722,18992.0,1435.0
West North Central,2015,273860,4273.0,19027.0,755.0,17115.0,34044,269082.0,1240.0,3209,219329,31253,19359,1842,1891.0,186.0,194540.0,79178.0,176033.0,97827.0,2147.0,8884,109135.0,96356,23597.0,11797,6880.0,4937,3383,1379.0,5335.0,0,94.0,1548.0,2264.0,11120.0,10012,167093,61409,18812.0,1297.0
West North Central,2016,272157,4494.0,20231.0,892.0,18139.0,32034,267087.0,1213.0,3423,215765,31836,20491,1974,1729.0,362.0,193360.0,78684.0,175712.0,96445.0,2510.0,7235,107426.0,97815,22851.0,11317,6623.0,5007,3488,1334.0,6522.0,0,95.0,1582.0,2234.0,11401.0,10194,167734,59284,18194.0,1240.0
West North Central,2017,265270,4909.0,21332.0,967.0,19431.0,29710,260363.0,1096.0,3386,207734,32900,20641,1980,1660.0,355.0,188077.0,76954.0,171041.0,94176.0,2526.0,6498,102952.0,96783,22605.0,11225,6392.0,4842,3395,1388.0,6644.0,0,86.0,1520.0,2242.0,11253.0,10356,165638,56001,16903.0,1078.0
West North Central,2018,262676,5353.0,21493.0,873.0,20594.0,27628,257551.0,1273.0,3382,203922,33303,21339,2079,1721.0,312.0,187003.0,75483.0,169326.0,93323.0,2695.0,6605,102563.0,95777,22007.0,10902,6371.0,4835,3362,1341.0,6194.0,0,103.0,1425.0,2226.0,11442.0,10646,167961,52853,14828.0,1030.0
West North Central,2019,257856,6008.0,22150.0,1024.0,22302.0,25363,252897.0,1268.0,3174,199134,33449,21393,2022,1680.0,178.0,183386.0,74281.0,165658.0,92163.0,3203.0,5900,101709.0,95633,20981.0,10311,6177.0,4724,3379,1438.0,4369.0,0,70.0,1455.0,2317.0,11340.0,10582,169520,48590,12953.0,844.0
West North Central,2020,248528,6602.0,24015.0,841.0,22701.0,22878,242742.0,1475.0,3743,190185,32443,21251,2468,1983.0,198.0,176406.0,72004.0,158131.0,90354.0,3016.0,5500,98220.0,93011,20599.0,10011,5743.0,4288,2968,1285.0,3863.0,0,95.0,1371.0,2018.0,10870.0,10579,167302,43843,11433.0,805.0
West North Central,2021,251508,7266.0,26274.0,829.0,25163.0,19561,245330.0,1368.0,4152,189125,34435,22892,2777,2153.0,126.0,178041.0,73233.0,162200.0,89275.0,3078.0,5314,97524.0,99006,19954.0,9348,5385.0,4097,2921,1227.0,3634.0,0,88.0,1361.0,2148.0,11525.0,10810,172244,42024,10302.0,790.0
West North Central,2022,249020,7739.0,25483.0,978.0,26846.0,15375,242561.0,1352.0,4407,184398,35281,24096,3017,2062.0,166.0,175421.0,73463.0,160918.0,88063.0,3388.0,5100,93051.0,99653,20596.0,9637,5700.0,4364,3138,1334.0,3040.0,0,91.0,1325.0,2119.0,11645.0,10964,169868,41233,10724.0,831.0
West North Central,2023,243914,8363.0,25789.0,1125.0,27762.0,12547,237122.0,1263.0,4931,178265,35296,24939,3249,2039.0,126.0,171353.0,72441.0,157101.0,86785.0,3517.0,4686,89188.0,99772,20510.0,9658,5604.0,4380,3129,1320.0,2128.0,0,74.0,1284.0,2121.0,11516.0,10598,166791,40020,10501.0,817.0
South Atlantic,2010,747031,13003.0,34604.0,2309.0,36141.0,14353,739558.0,2827.0,4132,640245,22848,75161,3601,4221.0,955.0,485040.0,259409.0,417810.0,329221.0,7658.0,36418,145116.0,131193,50793.0,26434,16386.0,10481,7212,3171.0,65933.0,245822,364.0,5938.0,7718.0,34597.0,30700,469163,153844,40944.0,2147.0
South Atlantic,2011,740619,12858.0,38935.0,1969.0,34524.0,41076,732533.0,3221.0,4452,631626,23308,76053,4104,4884.0,644.0,482232.0,257124.0,416606.0,324013.0,9327.0,45308,188699.0,178706,68203.0,34706,20997.0,13653,9212,4097.0,43851.0,123369,345.0,6010.0,7640.0,33689.0,29283,466357,152666,41046.0,2195.0
South Atlantic,2012,737559,13131.0,40395.0,2052.0,35659.0,48130,728872.0,3712.0,4551,625801,24738,76541,4447,5422.0,610.0,479700.0,257024.0,414622.0,322937.0,9610.0,44265,191686.0,183534,68979.0,34857,20964.0,14000,9904,4498.0,30807.0,123840,333.0,5842.0,7408.0,33483.0,28819,467038,150601,40801.0,2005.0
South Atlantic,2013,734996,13381.0,40601.0,2290.0,37172.0,53625,726087.0,3808.0,4710,621011,24672,76675,4704,6872.0,1062.0,479475.0,254899.0,413340.0,321656.0,11355.0,52260,214561.0,203966,75015.0,37419,22661.0,15357,11037,5186.0,64742.0,20825,336.0,5829.0,7539.0,32862.0,27641,463724,151451,42207.0,2088.0
South Atlantic,2014,747542,13674.0,42864.0,2118.0,38228.0,57879,738251.0,3843.0,5001,630827,26847,78590,5488,5356.0,434.0,491900.0,255153.0,422434.0,325108.0,11712.0,65989,254596.0,187532,67407.0,36158,21945.0,16462,11531,4312.0,69828.0,0,308.0,5687.0,7735.0,33224.0,28047,469125,155133,45497.0,2335.0
South Atlantic,2015,752123,14482.0,44169.0,2088.0,41048.0,54599,742427.0,3991.0,5241,629952,28805,79300,5765,7810.0,491.0,495632.0,256036.0,425373.0,326750.0,13003.0,61924,263865.0,200572,69526.0,36641,22790.0,17198,12156,4345.0,50028.0,0,310.0,6056.0,7529.0,33913.0,28699,472536,154480,45987.0,2272.0
South Atlantic,2016,748710,15355.0,46989.0,2581.0,44261.0,50703,738612.0,4151.0,5457,625811,30846,80470,5360,5757.0,466.0,493749.0,254503.0,427729.0,320981.0,13745.0,59536,271048.0,209038,70157.0,37368,22590.0,17443,12355,4577.0,30805.0,0,330.0,5747.0,7546.0,34689.0,29647,472894,150659,44839.0,2014.0
South Atlantic,2017,741149,15926.0,49503.0,2552.0,47720.0,47355,730440.0,4712.0,5547,614767,30996,83727,5340,5673.0,646.0,489118.0,251657.0,421085.0,319925.0,15697.0,54839,267640.0,211985,70123.0,37068,22101.0,17197,12603,4567.0,27253.0,0,313.0,5638.0,7827.0,34416.0,29834,471908,146015,43135.0,1682.0
South Atlantic,2018,732341,17181.0,51459.0,1857.0,53481.0,44591,721746.0,4494.0,5628,602057,32608,84799,5659,6547.0,671.0,484806.0,247237.0,417557.0,314676.0,16215.0,49496,262409.0,215476,69429.0,36403,22207.0,16976,12882,4847.0,25926.0,0,267.0,5530.0,7311.0,34204.0,29399,472011,141037,40668.0,1578.0
South Atlantic,2019,727520,18399.0,52440.0,1928.0,55906.0,41118,717101.0,4356.0,5621,590015,34065,89821,5683,7096.0,840.0,483327.0,243850.0,411004.0,316399.0,17246.0,49214,260610.0,217462,67370.0,35432,21778.0,17244,13138,4959.0,22999.0,0,325.0,5477.0,7365.0,34844.0,30490,478655,133612,35103.0,1371.0
South Atlantic,2020,704470,20726.0,58308.0,1136.0,60455.0,36553,693070.0,3903.0,6968,564177,35726,90746,6439,7024.0,358.0,467815.0,236221.0,394561.0,309773.0,17854.0,41130,254975.0,222447,66464.0,34539,20618.0,16104,11734,4384.0,14158.0,0,294.0,5152.0,6815.0,33399.0,29495,469001,126453,32247.0,1336.0
South Atlantic,2021,718434,21327.0,62846.0,1203.0,67429.0,30407,705461.0,4027.0,8223,567913,37226,97685,7335,7675.0,600.0,475099.0,242806.0,407753.0,310562.0,20725.0,38023,257771.0,232599,66109.0,33549,20839.0,16750,12610,5004.0,14395.0,0,255.0,5224.0,7376.0,35429.0,30907,481811,124288,31245.0,1444.0
South Atlantic,2022,730177,23464.0,62787.0,1544.0,69927.0,24643,716562.0,3905.0,8988,572448,41244,100139,7540,7837.0,969.0,482687.0,246884.0,415785.0,314255.0,21933.0,37900,248333.0,240061,70818.0,36372,22443.0,17895,13897,5747.0,14700.0,0,252.0,5469.0,7109.0,35536.0,30519,486347,129453,33508.0,1653.0
South Atlantic,2023,717513,24867.0,63476.0,1323.0,73703.0,19217,704205.0,3667.0,8894,553974,44223,103500,7483,7785.0,548.0,471654.0,245111.0,407486.0,309891.0,23870.0,35343,235134.0,240760,73551.0,36897,22558.0,17772,13560,5357.0,12636.0,0,254.0,5299.0,7009.0,34952.0,30494,481533,124498,31573.0,1581.0
East South Central,2010,235365,5047.0,11883.0,499.0,13870.0,26365,233562.0,319.0,1361,218720,6083,8973,697,876.0,16.0,151775.0,82978.0,130240.0,105125.0,2435.0,6683,42423.0,42881,15555.0,7714,4444.0,2858,1900,925.0,7330.0,100086,81.0,1905.0,2699.0,12410.0,11422,157538,39551,8441.0,577.0
East South Central,2011,234172,5442.0,12543.0,526.0,13844.0,25857,232223.0,387.0,1444,217233,6112,9165,701,942.0,19.0,151127.0,82517.0,129401.0,104771.0,2132.0,6381,42888.0,42309,15312.0,7705,4343.0,2879,1951,879.0,8057.0,99214,82.0,1794.0,2618.0,12096.0,10784,157385,40017,8056.0,497.0
East South Central,2012,233246,5585.0,13107.0,536.0,14136.0,25365,231140.0,348.0,1607,216075,6394,9043,716,1006.0,12.0,150026.0,82690.0,128748.0,104498.0,2184.0,6583,43908.0,43437,15661.0,7494,4532.0,2866,1858,817.0,6649.0,97117,94.0,1907.0,2535.0,12188.0,10695,158957,37873,7809.0,508.0
East South Central,2013,232479,5703.0,13482.0,771.0,14099.0,28960,230369.0,298.0,1652,214226,6597,9738,800,1100.0,18.0,149430.0,82602.0,128325.0,104154.0,2435.0,10680,58789.0,53945,19356.0,9429,5549.0,3445,2312,1091.0,7116.0,58167,91.0,1888.0,2675.0,11745.0,10488,158337,38459,7922.0,469.0
East South Central,2014,235930,5976.0,13629.0,1315.0,14605.0,34427,233609.0,304.0,1822,215366,7561,10684,1101,1204.0,14.0,153090.0,82798.0,129818.0,106112.0,4031.0,18121,90016.0,63921,23518.0,12366,7001.0,4900,3112,1110.0,7813.0,0,83.0,1894.0,2481.0,11807.0,10474,161173,38846,8494.0,523.0
East South Central,2015,235707,5763.0,13978.0,1162.0,15478.0,32581,233287.0,344.0,1858,213384,8967,10882,1182,1291.0,117.0,153708.0,81938.0,129864.0,105843.0,3476.0,16107,89195.0,65958,23276.0,11988,6851.0,4983,3218,1247.0,9396.0,0,62.0,1851.0,2556.0,11999.0,10524,160544,38992,8424.0,559.0
East South Central,2016,233335,5989.0,14296.0,1042.0,15612.0,30718,230741.0,457.0,1867,210198,9251,11117,1271,1381.0,313.0,152905.0,80262.0,128551.0,104784.0,3624.0,13167,85203.0,66729,22353.0,11436,6794.0,5059,3326,1221.0,14407.0,0,77.0,1869.0,2723.0,12253.0,10742,159133,37428,8098.0,478.0
East South Central,2017,232066,6814.0,15360.0,1053.0,16370.0,29024,229795.0,254.0,1787,208271,9474,11155,1302,1551.0,288.0,151688.0,80289.0,126203.0,105830.0,5233.0,14705,87244.0,67016,21799.0,11307,6771.0,5132,3311,1225.0,8299.0,0,72.0,1747.0,2491.0,12081.0,10814,159826,36714,7597.0,494.0
East South Central,2018,229434,7141.0,15195.0,475.0,18018.0,27239,226804.0,339.0,2019,204053,10359,11739,1345,1650.0,123.0,150467.0,78898.0,124624.0,104793.0,3931.0,13587,85781.0,66675,21817.0,11231,6786.0,5173,3459,1269.0,9702.0,0,60.0,1729.0,2612.0,12355.0,10737,158723,35344,7137.0,455.0
East South Central,2019,228770,7757.0,16775.0,450.0,20652.0,25182,226096.0,413.0,2048,201082,12298,12850,1095,1322.0,770.0,150911.0,77787.0,122443.0,106298.0,4408.0,11223,87263.0,69360,22271.0,11659,7006.0,5318,3675,1349.0,5219.0,0,76.0,1691.0,2600.0,12151.0,11119,162091,32474,5991.0,403.0
East South Central,2020,223477,8030.0,18185.0,638.0,20964.0,23244,220289.0,441.0,2453,193240,14075,14202,985,974.0,785.0,146771.0,76676.0,118450.0,105007.0,4739.0,9465,84828.0,70472,22230.0,11374,7122.0,5252,3558,1272.0,3154.0,0,76.0,1590.0,2502.0,11850.0,10755,159373,31292,5515.0,416.0
East South Central,2021,227141,9066.0,19815.0,525.0,23646.0,19983,223354.0,455.0,2965,193113,15753,15651,1245,1376.0,245.0,148584.0,78525.0,123630.0,103483.0,5295.0,8848,86669.0,73365,22231.0,10894,6452.0,5120,3577,1331.0,3334.0,0,65.0,1702.0,2562.0,12689.0,11313,161733,31014,5546.0,400.0
East South Central,2022,227404,9732.0,19424.0,571.0,24001.0,16045,223310.0,537.0,3202,191134,16502,17053,1338,1373.0,264.0,149560.0,77780.0,125127.0,102251.0,4377.0,8523,85630.0,72992,22263.0,11241,6794.0,5514,3872,1424.0,4752.0,0,66.0,1582.0,2399.0,12404.0,11336,161322,31750,5959.0,459.0
East South Central,2023,227322,10067.0,19993.0,625.0,24343.0,12936,222843.0,510.0,3653,188803,17220,18542,1487,1262.0,330.0,149832.0,77455.0,124368.0,102922.0,5724.0,7451,83534.0,75407,23369.0,11326,6998.0,5699,3874,1428.0,2493.0,0,65.0,1670.0,2460.0,12101.0,11593,161866,31170,5831.0,463.0
West South Central,2010,540275,6526.0,22546.0,1188.0,26060.0,27124,535680.0,1878.0,2571,487671,29620,16159,2471,3584.0,403.0,347635.0,192195.0,303661.0,236614.0,16625.0,25352,114384.0,128466,61721.0,33967,21843.0,14346,10247,4990.0,6713.0,100919,267.0,3871.0,5385.0,26162.0,24174,363849,92469,21031.0,2569.0
West South Central,2011,530320,7382.0,25203.0,832.0,26407.0,30719,525428.0,2084.0,2688,477645,29333,15713,2717,4127.0,469.0,340977.0,189049.0,299633.0,230687.0,16738.0,31067,139776.0,145217,65663.0,34123,20911.0,13991,10013,4989.0,8426.0,38715,217.0,3729.0,5321.0,25788.0,22811,358902,90767,20016.0,2271.0
West South Central,2012,536467,7242.0,26561.0,868.0,28689.0,29568,530936.0,2418.0,2957,482768,31067,15958,3110,3319.0,596.0,344634.0,191554.0,302426.0,234041.0,16654.0,30812,139049.0,148951,65769.0,34241,21134.0,14262,10400,5362.0,10765.0,38347,217.0,3934.0,5346.0,25474.0,22749,366488,90334,19340.0,2075.0
West South Central,2013,541742,7855.0,26931.0,729.0,29149.0,28842,535896.0,2735.0,2967,485454,33328,16257,3237,3202.0,295.0,349565.0,191946.0,305058.0,236684.0,16636.0,28721,138011.0,151536,66322.0,34628,21064.0,14170,10581,5499.0,15980.0,37832,229.0,3731.0,5304.0,25463.0,22981,367962,93484,20264.0,1872.0
West South Central,2014,556113,8429.0,30966.0,979.0,32078.0,33051,549161.0,298776.0,3499,494372,36578,17030,3871,3932.0,93.0,361976.0,194101.0,315916.0,240197.0,17284.0,39974,175014.0,150187,64583.0,35091,21554.0,16265,11493,4648.0,19956.0,0,200.0,3936.0,5334.0,26022.0,23115,376139,97754,21387.0,1951.0
West South Central,2015,560318,8971.0,31037.0,989.0,34354.0,30992,553339.0,301969.0,3414,497043,38359,17080,3959,3474.0,178.0,367346.0,192864.0,318889.0,241429.0,16166.0,39003,178551.0,156290,64677.0,34279,20670.0,15854,12165,4841.0,17762.0,0,171.0,3813.0,5409.0,26156.0,23126,379674,98312,21498.0,1887.0
West South Central,2016,552091,8895.0,31745.0,849.0,35217.0,28651,544979.0,301165.0,3424,488621,38318,17469,4274,2940.0,174.0,361837.0,189833.0,315396.0,236695.0,17126.0,36318,176794.0,155423,62235.0,33477,21225.0,17675,12613,5014.0,,0,183.0,3782.0,5501.0,26142.0,23516,376799,93941,20175.0,1592.0
West South Central,2017,530802,9631.0,32552.0,983.0,36767.0,25977,523828.0,297621.0,3386,468755,37181,16884,4461,2925.0,353.0,345367.0,185153.0,303822.0,226867.0,16836.0,36020,176370.0,151381,57980.0,30780,18640.0,16048,11339,4859.0,2189.0,0,221.0,3729.0,5268.0,25501.0,23269,364894,87635,18568.0,1409.0
West South Central,2018,525057,10274.0,33125.0,811.0,39655.0,24174,518159.0,288251.0,3434,461661,38207,17403,4363,3128.0,469.0,341118.0,183886.0,300715.0,224225.0,14983.0,34446,179191.0,151356,56975.0,29387,18250.0,14639,11382,4979.0,2377.0,0,209.0,3602.0,5131.0,26027.0,23542,365937,81930,17201.0,1303.0
West South Central,2019,522247,10194.0,34000.0,812.0,41147.0,21322,515416.0,282055.0,3602,455811,38512,15267,6859,5705.0,18.0,340740.0,181181.0,295473.0,226649.0,16117.0,35252,179075.0,148757,55498.0,29575,18290.0,14226,10703,5334.0,2400.0,0,210.0,3643.0,5058.0,26115.0,24342,371052,75735,15050.0,936.0
West South Central,2020,508392,11473.0,38353.0,940.0,41996.0,19176,500336.0,279320.0,4148,440392,38360,15245,7910,6307.0,25.0,332160.0,175891.0,286052.0,222268.0,17433.0,32197,173324.0,147377,53724.0,28004,16855.0,13372,9670,5525.0,2041.0,0,239.0,3415.0,4914.0,24997.0,22990,364865,72111,13671.0,1011.0
West South Central,2021,515406,12188.0,40111.0,996.0,44984.0,15941,506058.0,269644.0,4995,442348,39808,16351,8216,8509.0,61.0,335726.0,179406.0,291521.0,223759.0,,33457,177989.0,150716,51620.0,25649,15890.0,13189,9917,5169.0,2066.0,0,194.0,3552.0,5382.0,26894.0,24358,368383,71467,13986.0,979.0
West South Central,2022,530023,13324.0,41036.0,1165.0,47950.0,12876,519992.0,272938.0,5329,455351,40896,16850,8456,8117.0,47.0,347136.0,182646.0,299173.0,230686.0,,31462,174094.0,153753,55848.0,28396,17568.0,15320,11067,5333.0,2247.0,0,215.0,3494.0,5355.0,27264.0,24691,375568,76343,15728.0,
West South Central,2023,526045,14326.0,41916.0,1057.0,49625.0,10472,515795.0,271391.0,5506,447509,43135,16980,8855,9097.0,30.0,344405.0,181482.0,294493.0,231420.0,,28798,168528.0,157609,59069.0,29423,18047.0,15363,11872,5166.0,3188.0,0,246.0,3583.0,5048.0,26818.0,24348,375435,74206,15040.0,16648.0
Mountain,2010,312688,2859.0,13834.0,1638.0,13178.0,17379,306877.0,267111.0,3972,259386,18311,28635,4525,1813.0,80.0,228900.0,83249.0,203912.0,108776.0,,8863,66362.0,81524,26107.0,12113,7214.0,4839,3498,1762.0,3313.0,87477,98.0,1737.0,2531.0,,12602,195715,65952,18402.0,14030.0
Mountain,2011,306179,2878.0,14045.0,1539.0,13022.0,16411,300185.0,663709.0,3957,253312,18208,27825,5050,1759.0,77.0,224962.0,80751.0,200467.0,105712.0,,8082,66945.0,80701,25339.0,11637,7007.0,4583,3472,1766.0,3433.0,85543,,,,2509.0,11873,193182,64972,17992.0,13226.0
Mountain,2012,307725,3096.0,15317.0,1454.0,13798.0,16642,301232.0,655044.0,4428,253511,18656,29085,4661,1751.0,29.0,224919.0,82322.0,200698.0,107027.0,,7713,65573.0,83397,25021.0,11238,6789.0,4715,3482,1796.0,3514.0,86441,,125.0,1541.0,2468.0,11796,195209,64639,17883.0,12855.0
Mountain,2013,305352,3410.0,16564.0,1190.0,15446.0,16212,,656225.0,4519,251466,18839,29027,4310,1663.0,128.0,223138.0,81743.0,199043.0,106309.0,,7363,64545.0,84308,25550.0,11092,6511.0,4637,3578,1791.0,2716.0,85600,,116.0,1543.0,2453.0,11230,191462,65378,19065.0,13238.0
Mountain,2014,308788,3716.0,18328.0,955.0,15699.0,20278,,646049.0,4627,253474,19239,30422,3807,1816.0,111.0,226279.0,82495.0,202022.0,106766.0,,18519,,117028,30220.0,14719,8820.0,6742,5055,2151.0,2931.0,14133,,99.0,1633.0,2390.0,11217,193784,65733,19959.0,12932.0
Mountain,2015,307999,3519.0,20372.0,758.0,17358.0,19190,,655449.0,4559,249111,20917,32113,3789,1989.0,121.0,225412.0,82576.0,200523.0,107476.0,,18309,14430.0,119313,,29042,8359.0,6628,4978,1955.0,2811.0,10494,,80.0,1459.0,2514.0,11452,194178,64434,20081.0,50912.0
Mountain,2016,304699,3528.0,20618.0,823.0,18185.0,17740,,644289.0,4528,240850,23924,33776,3722,2350.0,110.0,223390.0,81282.0,199234.0,,,19136,13989.0,118288,93722.0,28633,,8655,6914,2286.0,2755.0,9382,,88.0,1583.0,2391.0,11740,192914,375435,19378.0,51407.0
Mountain,2017,295245,3751.0,20921.0,840.0,19189.0,17044,,642341.0,4496,229708,25924,34311,3272,2001.0,107.0,216591.0,211623.0,192484.0,186228.0,,18422,13459.0,116262,93749.0,26427,13800.0,8098,6419,,2557.0,9331,,70.0,1594.0,2380.0,11233,187762,195715,,50195.0
Mountain,2018,289016,4204.0,22119.0,1041.0,21383.0,15717,,619363.0,4358,223174,26680,34424,2655,1955.0,79.0,,209401.0,,180253.0,,4650,13185.0,115160,90628.0,25486,12876.0,7764,6619,5038.0,2563.0,10816,,82.0,1491.0,2322.0,11070,187150,193182,60325.0,51661.0
Mountain,2019,286809,4490.0,21649.0,1168.0,22422.0,14311,,599464.0,4491,218525,28211,35049,2869,2044.0,371.0,,202539.0,,183737.0,,4249,12078.0,115047,88598.0,24297,12545.0,7722,6461,5042.0,2211.0,13413,,85.0,1404.0,2204.0,11340,190772,195209,56800.0,53651.0
Mountain,2020,278151,4718.0,23554.0,1785.0,23765.0,12519,,589278.0,5246,208475,28141,35585,3939,1890.0,393.0,,204908.0,,182881.0,,4151,13660.0,110609,86674.0,23906,12102.0,7242,6041,5200.0,2193.0,17964,,76.0,1445.0,2349.0,10759,187527,191462,53465.0,53167.0
Mountain,2021,282549,5368.0,25436.0,1394.0,25746.0,10795,,556118.0,5983,209308,30775,35195,5169,1992.0,493.0,,203311.0,,178689.0,,4247,12888.0,115806,87541.0,22869,11685.0,6805,5971,4822.0,2638.0,13623,,90.0,1459.0,2380.0,11452,190833,193784,50205.0,52353.0
Mountain,2022,281120,5580.0,25729.0,1552.0,26822.0,8807,,557040.0,6340,206814,30788,34681,5621,3109.0,369.0,,199642.0,,409865.0,,6193,11613.0,109388,89971.0,24183,10652.0,7161,6189,4409.0,2523.0,8054,,75.0,1406.0,2250.0,11212,189653,194178,49747.0,50647.0
Mountain,2023,276819,6067.0,26017.0,1328.0,27600.0,7473,,553406.0,6331,199567,33000,35291,5769,3113.0,431.0,,457123.0,,405974.0,,7131,56412.0,102751,91195.0,25004,11428.0,7539,6349,4845.0,,6632,,71.0,1517.0,4995.0,10823,187390,192914,49638.0,47618.0
Pacific,2010,672736,5066.0,32046.0,1206.0,20546.0,25009,,530624.0,5932,575111,22889,61496,6346,6523.0,519.0,,451726.0,,408734.0,,6053,53008.0,247393,94129.0,57596,11521.0,15495,9700,4904.0,,7176,,146.0,3427.0,5100.0,23177,395147,187762,48493.0,42935.0
Pacific,2011,664663,5506.0,35721.0,1136.0,21838.0,23593,,,6229,566498,24509,60158,7071,,448.0,,453364.0,,404955.0,,6827,50927.0,247625,195830.0,55956,26673.0,15003,9658,6796.0,,5936,,110.0,3263.0,5048.0,22331,392409,187150,163310.0,38958.0
Pacific,2012,666452,5918.0,40674.0,1362.0,,22633,,,6706,565350,25452,61386,7634,,473.0,,447706.0,,416146.0,,6934,50346.0,253018,195261.0,54367,25850.0,14893,9528,6766.0,,6415,,135.0,3322.0,4884.0,22412,396886,190772,159222.0,37878.0
Pacific,2013,656870,6369.0,,1868.0,,23129,,,6924,550266,29174,63966,6844,,439.0,,458195.0,,409168.0,,7110,75684.0,259861,195766.0,52715,25410.0,14798,10048,6898.0,,6277,,148.0,3503.0,5017.0,21532,390732,187527,158266.0,38505.0
Pacific,2014,666962,,,1074.0,,22368,,,7313,553899,32245,66864,7385,,542.0,,453254.0,,411520.0,,6023,69919.0,306093,193640.0,46734,25224.0,14779,11276,7285.0,,6506,,125.0,3454.0,5024.0,21671,397858,190833,154392.0,35078.0
Pacific,2015,656095,,,,,21331,,,7240,537045,33764,69125,7649,,541.0,,453740.0,,105766.0,,5944,67332.0,303696,157980.0,45700,24181.0,14037,10920,8052.0,,6540,,161.0,3293.0,4928.0,21710,390479,189653,155701.0,
Pacific,2016,654135,,,,,20175,,,6986,528846,36938,69188,7401,,770.0,,439252.0,,103106.0,,6193,63278.0,305499,159876.0,44179,22848.0,13258,10763,8238.0,,5175,,101.0,3158.0,4745.0,22425,391851,187390,153148.0,
Pacific,2017,630813,,,,,18293,,,6837,504401,38037,70133,6858,,768.0,,427044.0,,101572.0,,6172,58507.0,299275,161075.0,41714,21721.0,12616,10010,8728.0,,6600,,125.0,3021.0,4609.0,22344,379612,395147,150359.0,
Pacific,2018,610251,,,,,16128,,,6386,481968,39170,71679,7101,,714.0,,420425.0,,97423.0,,3768,53867.0,291358,154750.0,39532,20434.0,11782,9611,8038.0,,5763,,127.0,3010.0,4921.0,21391,370359,392409,142640.0,
Pacific,2019,599851,,,,,13803,,,6205,466038,45499,73498,7141,,,,398596.0,,98716.0,,3819,47411.0,283462,152134.0,38941,19229.0,11221,9277,7508.0,,4395,,129.0,2900.0,4692.0,21981,370599,396886,136412.0,
Pacific,2020,568419,,,,,11956,,,7284,433474,47396,74586,8375,,,,397948.0,,96746.0,,3639,43005.0,270586,154745.0,36948,18572.0,10863,8178,7548.0,,5564,,120.0,2725.0,5120.0,20517,357059,390732,130580.0,
Pacific,2021,570420,,,,,9951,,,8003,431194,48750,76025,9277,,,,393871.0,,93445.0,,4064,38453.0,271269,147144.0,36607,18025.0,10164,8060,6002.0,,4559,,103.0,2802.0,4944.0,21167,361540,397858,120552.0,
Pacific,2022,566824,,,,,7946,,,7894,427186,48935,75967,9594,,,,375277.0,,,,4493,35080.0,254645,153457.0,40093,16580.0,10865,8695,5819.0,,19033,,115.0,2690.0,5096.0,20856,358525,390479,116841.0,
Pacific,2023,543161,,,,,6261,,,7461,403534,49284,75631,9538,,,,,,,,4572,,235373,163347.0,41137,18481.0,10849,8578,6603.0,,17591,,92.0,2676.0,,20095,346892,391851,116348.0,
