State,Year,Births,ChronicHypertensionBirths,DiabetesBirths,EnclampsiaBirths,Pregnancy-AssociatedHypertensionBirths,TobaccoUseBirths,HospitalBirths,BirthCenterBirths,ResidenceBirths,MD_Delivery,DO_Delivery,CNM_Delivery,OtherMidwife_Delivery,Other_Delivery_Attendant,Vaginal_Delivery,Cesarean_Delivery,Married,Unmarried,NoPrenatalCare,1stMonthInitialCare,2ndMonthInitialCare,3rdMonthInitialCare,4thMonthInitialCare,5thMonthInitialCare,6thMonthInitialCare,7thMonthInitialCare,8thMonthInitialCare,9thMonthInitialCare,UnknownInitialCare,NotReportedInitialCare,Under20Weeks,20-27Weeks,28-31Weeks,32-35Weeks,36Weeks,37-39Weeks,40Weeks,41Weeks,42PlusWeeks
Arizona,2010,87477,769,3694,769,3441,0,86346,437,663,72469,8937,5249,642,177,63343,23629,48183,39294,0,0,0,0,0,0,0,0,0,0,0,87477,42,465,667,3579,3697,55528,18468,4671,337
Arizona,2011,85543,711,4014,772,3599,0,84380,454,679,71480,8295,4825,752,178,61655,23449,47316,38227,0,0,0,0,0,0,0,0,0,0,0,85543,41,546,618,3421,3354,54646,18076,4482,321
Arizona,2012,86441,807,4452,634,3903,0,85177,505,724,71309,8526,5617,781,199,62591,23405,47122,39319,0,0,0,0,0,0,0,0,0,0,0,86441,54,480,688,3476,3290,55425,18265,4441,271
Arizona,2013,85600,956,4919,604,4791,0,84450,459,672,70436,8545,5568,802,235,61799,23347,46725,38875,0,0,0,0,0,0,0,0,0,0,0,85600,49,437,641,3430,3218,54667,18067,4787,261
Arizona,2014,86887,1039,6126,341,4567,4675,85628,511,702,71286,9011,6252,90,238,62741,24146,47663,39224,1862,8553,34117,20467,8059,4513,2887,2258,1730,794,1627,0,35,474,664,3440,3206,55382,17920,5388,290
Arizona,2015,85351,972,7224,150,5118,4484,84090,492,716,68443,10016,6551,90,236,61834,23516,46489,38862,1888,7053,33852,20815,7952,4439,2806,2308,1785,747,1688,0,34,416,671,3389,3214,54675,17381,5197,286
Arizona,2016,84520,975,7188,160,5275,4076,83081,582,775,66639,10808,6685,57,310,61297,23220,46467,38053,2041,5683,33533,21208,7760,4402,2915,2313,1885,828,1941,0,30,452,637,3331,3204,54292,17118,5133,231
Arizona,2017,81872,1064,7114,146,5523,3910,80473,607,706,63809,11020,6694,79,253,59884,21986,45160,36604,2365,4854,32382,20823,7643,4272,2851,2222,1814,769,1860,0,25,437,628,3342,3146,52693,16335,4930,213
Arizona,2018,80723,1133,7785,130,6224,3702,79284,702,667,63036,10562,6825,54,220,58521,22199,44427,36180,2268,4429,31699,21335,7490,4175,2731,2380,1950,837,1413,0,18,446,663,3394,3152,52934,15417,4413,190
Arizona,2019,79375,1207,7769,116,6357,3526,78020,584,706,60269,11056,7671,32,338,57330,22039,43435,35833,2084,3900,30735,20727,7392,4147,2874,2478,2122,931,1972,0,23,394,648,3279,3091,52862,14868,3998,160
Arizona,2020,76947,1238,8273,105,6841,2878,75355,594,931,56796,10520,9183,57,383,55076,21870,42100,34737,1933,3616,29326,20765,7207,4046,2716,2306,1972,945,2097,0,24,405,554,3234,3072,50904,14328,4171,159
Arizona,2021,77916,1442,8696,138,7066,2560,76054,704,1065,57269,10300,9948,62,330,55545,22368,42479,35296,1981,4200,31809,20857,6722,3545,2605,2295,1766,798,1326,0,32,438,650,3475,3200,51526,14318,4066,153
Arizona,2022,78547,1479,8987,146,7786,2076,76557,728,1182,57276,10548,10212,71,410,56055,22489,43073,35302,1881,4325,31541,21252,6829,3779,2532,2184,1700,731,1785,0,34,404,627,3424,3240,51750,14481,4352,160
Arizona,2023,78096,1647,9165,127,8090,1706,76124,722,1157,56551,10739,10390,47,360,55418,22675,42440,35527,1892,3759,29586,22952,7288,3900,2666,2282,1751,693,1317,0,22,457,619,3488,3115,51682,14147,4321,168
Arkansas,2010,38540,564,1267,76,1692,0,38224,Suppressed,295,36457,1350,343,187,197,24829,13412,21075,17465,0,0,0,0,0,0,0,0,0,0,0,38540,13,265,375,1782,1701,25719,6930,1488,152
Arkansas,2011,38715,694,1582,64,1757,0,38371,10,319,36466,1464,349,200,225,25263,13187,21345,17370,0,0,0,0,0,0,0,0,0,0,0,38715,17,298,421,1798,1628,25691,6923,1648,150
Arkansas,2012,38347,643,1579,61,1783,0,37943,Suppressed,384,36007,1614,241,260,204,24824,13282,21022,17325,0,0,0,0,0,0,0,0,0,0,0,38347,13,303,380,1802,1492,25922,6600,1592,115
Arkansas,2013,37832,648,1459,87,1943,0,37381,32,396,35607,1545,210,269,181,24679,12958,20798,17034,0,0,0,0,0,0,0,0,0,0,0,37832,11,286,376,1682,1470,25333,6625,1738,132
Arkansas,2014,38511,656,2055,102,1846,5729,37979,121,381,35812,1964,186,248,204,26173,12338,21586,16925,853,1858,10228,9577,4206,2540,1544,1230,675,263,5533,0,Suppressed,261,353,1775,1449,25945,7023,1562,105
Arkansas,2015,38886,641,2088,91,2068,5593,38349,138,362,36089,2141,194,254,177,26341,12545,21384,17502,943,1510,11069,10149,3867,2232,1469,1324,728,289,5302,0,Suppressed,283,400,1891,1627,26373,6648,1527,109
Arkansas,2016,38274,694,2109,132,2007,5224,37753,101,349,35378,2217,169,258,236,25919,12354,21238,17036,1047,1738,11414,9954,3430,2083,1490,1522,824,298,4471,0,Suppressed,276,422,1763,1687,25821,6806,1397,70
Arkansas,2017,37520,824,2160,251,2106,5042,37098,87,292,34484,2414,158,191,259,24949,12565,20441,17072,1237,2447,12179,10275,3599,2025,1372,1314,729,269,2073,0,17,270,386,1886,1709,25585,6271,1315,65
Arkansas,2018,37018,827,2222,80,2494,4959,36580,71,326,33981,2376,161,219,269,24138,12876,20217,16795,924,958,13474,11396,3809,2160,1435,1325,779,316,437,0,10,256,378,1929,1726,25498,5943,1163,89
Arkansas,2019,36564,892,2423,77,2838,4372,36169,Suppressed,326,33434,2594,164,204,162,23958,12604,19451,17107,790,794,14242,10970,3586,2040,1409,1202,864,283,381,0,18,270,405,1885,1784,25723,5487,923,62
Arkansas,2020,35251,874,2624,202,2819,4061,34841,12,353,32224,2507,136,235,137,23330,11917,18753,16495,938,652,13457,10801,3518,1999,1253,1195,788,297,347,0,15,238,352,1922,1615,25282,4904,835,62
Arkansas,2021,35965,1088,2829,239,3260,3411,35471,Suppressed,441,32884,2495,111,281,188,23622,12339,19305,16654,1043,604,13950,10927,3166,1812,1237,1435,1009,417,363,0,19,263,422,1910,1714,25787,4907,864,54
Arkansas,2022,35471,1092,2749,377,3431,2801,34899,10,513,32523,2216,149,338,240,23532,11938,19406,16041,1189,550,14097,10434,3429,1850,1189,1242,824,306,358,0,19,242,365,1831,1717,25503,4842,876,49
Arkansas,2023,35264,1285,2983,180,3752,2267,34629,Suppressed,576,32179,2250,283,367,180,23342,11918,19014,16244,1026,407,13489,11531,3299,1822,1176,1164,800,316,233,0,18,283,340,1841,1777,25372,4699,846,55
California,2010,510198,2642,21114,445,12061,12048,506302,623,2844,443581,17222,42974,1653,4432,341776,168417,303625,206573,2518,52420,208864,145636,41400,19452,11423,7002,4833,2354,14015,0,111,2673,3828,19433,17534,304381,122422,35686,2934
California,2011,502120,3162,24022,525,13255,11092,497952,720,3054,435228,18664,41790,1909,4214,335455,166661,299431,202689,2406,48866,208020,145806,40655,18917,10967,6873,4802,2345,12161,0,78,2593,3894,19099,16970,301519,118645,35496,2726
California,2012,503755,3460,27914,566,14672,10297,499308,748,3353,434627,19581,42515,2179,4500,336388,167365,301729,202026,2589,46773,212551,145865,39478,18547,10984,6877,4913,2509,12388,0,90,2553,3900,18915,16981,304652,118145,34951,2517
California,2013,494705,3659,29054,437,16319,9768,489897,858,3527,421892,22256,43126,2399,4717,330328,164375,298406,196299,2903,46209,216004,139672,36975,17936,10546,7102,5116,2447,9607,0,107,2710,3679,18725,16368,298880,115057,35828,2546
California,2014,502879,3820,31762,382,18375,9199,497809,977,3624,426346,23968,45025,2661,4542,338405,164472,307919,194960,3176,66922,242983,108374,31914,16467,10165,7704,5348,1675,8125,0,92,2645,3855,18703,16299,305140,116306,36729,2416
California,2015,491748,3800,31162,339,18586,8397,486454,1149,3709,411164,25030,47642,2851,4756,333102,158646,300758,190990,3173,62219,238708,108562,31674,15551,9503,7426,5431,1808,7676,0,104,2493,3789,18825,16389,297611,113653,36237,2116
California,2016,488827,4157,31869,389,19219,7741,483521,1338,3553,405221,26864,48898,2822,4684,332874,155952,301976,186851,3528,60763,239529,108621,30173,14702,8892,7094,5812,1709,7990,0,73,2405,3725,19064,16807,297339,111602,35499,1881
California,2017,471658,4554,33403,422,21058,6753,466260,1413,3520,386654,27423,49512,2912,4761,323580,148077,686,435,3999,57408,234426,105285,28825,13962,8545,6519,5286,1736,5642,0,90,2308,3601,18172,16736,287098,106574,35042,1716
California,2018,454920,4955,34335,420,22716,6025,449929,1329,3269,368707,27962,50535,3062,4281,314452,140464,0,0,3754,52655,229779,103387,27036,13233,7862,6154,4950,1592,4494,0,80,2298,3510,18019,16057,278659,101541,33103,1404
California,2019,446479,5350,35899,397,25353,4935,441421,1493,3081,356285,32676,51329,3009,2759,309137,137337,0,0,3416,47876,222516,107547,26980,12667,7466,6046,4954,1575,5415,0,96,2225,3823,17426,16388,277906,97216,30007,1187
California,2020,420259,6075,37834,366,27900,4152,414317,1911,3591,328596,33976,52007,3700,1570,292055,128196,0,0,3402,41406,211793,101828,25492,12323,7339,5121,3717,1364,6450,0,77,2048,3573,15933,15138,266177,89460,26640,1038
California,2021,420608,6788,39980,347,30630,3424,414052,1972,4079,326626,34338,53023,4327,1741,291206,129401,0,0,3627,37594,214409,106083,24790,11227,6668,4897,3544,1298,6447,0,70,2146,3909,16720,15598,268862,86176,25968,977
California,2022,419104,7747,40360,271,32715,2833,412663,1919,4033,324370,34542,53482,4490,1647,289192,129910,0,0,3603,33634,202233,113712,27431,12604,7127,5295,4010,1538,7890,0,68,2034,3847,16583,15488,267476,86036,26362,1003
California,2023,400108,8090,39692,255,33441,2201,394349,1560,3701,307049,34666,51885,4318,1646,273992,126099,0,0,3103,31172,185555,112959,28221,12447,6977,5236,4068,1473,8865,0,65,2004,4026,15732,14815,257942,80591,23718,940
Florida,2010,214590,3171,10892,311,11321,0,211774,1382,1304,175113,12392,23684,2106,1250,133469,81046,112762,101828,2689,20823,68010,56008,23283,12240,7503,4416,2944,1234,15264,0,93,1655,2102,9896,8690,140574,41897,8925,469
Florida,2011,213414,3206,12353,225,10604,14226,210323,1480,1474,175296,11576,23008,2380,1139,131961,81345,111869,101545,2584,21150,71112,58216,23225,11810,7027,4430,2950,1179,9617,0,80,1665,2085,9784,8404,140112,41575,8927,422
Florida,2012,213148,3148,12192,218,11231,14129,209779,1606,1619,175539,11486,22453,2587,1068,131816,81230,110987,102161,2879,20003,71301,59291,23608,12070,7170,4774,3336,1354,7201,0,78,1616,2111,9613,8392,140284,41397,9024,410
Florida,2013,215407,3104,11464,222,11246,14145,211754,1752,1734,177686,11050,22416,2854,1379,134062,81237,112021,103386,2850,21434,70198,60557,24234,11968,6979,4756,3370,1489,7419,0,87,1578,2089,9565,8275,141088,42608,9444,434
Florida,2014,219991,3001,11411,204,11064,14064,216171,1747,1891,180951,11702,22968,2958,1408,138230,81707,114569,105422,2918,27763,76291,55363,21079,11121,6557,4993,3548,1096,9256,0,71,1664,2273,9589,8249,142589,44358,10628,488
Florida,2015,224269,2998,11376,232,11488,12970,220304,1806,1967,183536,11786,24392,3022,1523,140458,83715,117144,107125,3119,26484,78145,56778,20841,10879,6821,5215,3819,1110,11040,0,93,1686,2205,10024,8399,145483,44421,11331,531
Florida,2016,225022,3315,12139,216,12336,11454,221044,1720,2052,184999,12097,23389,3029,1491,140715,84204,119485,105537,3974,24524,77031,56992,20879,11178,6739,5334,3806,1197,13360,0,90,1623,2174,10216,8719,146847,43586,11186,480
Florida,2017,223630,3493,13586,229,13321,10639,219587,1820,2020,182735,11761,24699,3074,1347,140410,83124,118553,105023,4897,22641,75026,57135,20950,11409,6979,5563,4123,1295,13603,0,69,1566,2291,10127,8798,145979,43019,11206,456
Florida,2018,221542,3950,15228,283,16033,9836,217526,1725,2081,178674,12729,25780,3037,1295,139876,81550,118750,102751,4499,19294,72889,60421,21678,11489,7342,5811,4651,1479,11978,0,62,1623,2119,10109,8788,146251,41014,11028,443
Florida,2019,220002,4278,16036,294,16935,9011,216112,1629,2052,173982,13338,28285,2915,1453,139533,80321,117419,102543,4699,19653,70019,60880,21281,11406,7229,5974,4905,1522,12425,0,90,1608,2154,10347,9162,146842,39571,9774,368
Florida,2020,209671,4698,16899,285,17714,7763,205381,1598,2431,163880,13139,27926,3191,1508,134295,75166,110572,99043,4758,16001,68715,62551,21480,11163,6995,5609,4291,1278,6822,0,85,1497,1941,9603,8812,141144,37016,9115,361
Florida,2021,216260,4898,17623,297,18555,6233,211493,1745,2714,168331,14108,28700,3416,1681,138616,77295,115592,100617,5818,13263,66853,67543,22105,11874,7801,6436,4991,1790,7775,0,80,1581,2124,10517,9212,146033,37103,8959,410
Florida,2022,224433,5174,16339,308,19584,5186,219377,1711,2978,172480,16279,29917,3541,2177,143713,80526,120816,103570,6874,12727,63513,73198,25107,13546,8626,7030,5820,2214,5758,0,71,1644,2176,10695,9116,149977,40353,9787,509
Florida,2023,221410,5730,17595,328,20766,3994,216662,1528,2833,168857,16941,29885,3367,2204,141092,80137,119959,101399,7665,12409,57490,73704,26850,13966,9165,7382,5855,2168,4733,0,74,1743,2086,10509,9320,148734,38746,9629,470
Georgia,2010,133947,1866,4780,285,5738,0,133234,120,497,109906,2362,20540,45,1050,87907,45323,72548,61399,2443,10688,34778,28923,11063,5719,3504,2339,1659,702,32061,0,96,1093,1486,6543,5875,87059,24611,5896,341
Georgia,2011,132409,1777,5024,222,5414,266,131672,151,520,107448,2525,20634,101,1669,87732,44433,72240,60169,2462,10514,37277,31213,12101,6476,4120,2725,1861,859,22705,0,63,1086,1438,6227,5659,86357,25007,5739,289
Georgia,2012,130280,1964,5600,273,5726,7872,129440,170,592,104801,3078,20062,71,2229,86109,44005,71432,58848,2177,10734,39187,32570,12363,6380,3931,2731,1869,855,17378,0,59,1061,1308,6185,5526,85172,24473,5650,271
Georgia,2013,128748,2104,5824,268,6159,7753,127857,159,663,103783,2675,17958,165,3483,84589,43920,70301,58447,2705,10866,38605,30582,11166,5926,3642,2513,1898,828,19942,0,65,1113,1445,5985,5057,83734,24583,5857,325
Georgia,2014,130946,2372,5987,213,6305,7825,130025,187,662,108091,2723,17238,523,2351,86473,44242,71531,59415,3283,12504,40757,27087,10104,5508,3386,2654,1784,675,23197,0,67,1086,1422,6298,5185,85387,24927,6041,351
Georgia,2015,131404,2573,6194,181,6956,7452,130407,198,737,107151,3004,16299,714,4220,87116,44129,72017,59387,3662,12666,42598,29271,10061,5542,3595,2824,1952,685,18540,0,58,1178,1331,6207,5359,85987,24994,5941,294
Georgia,2016,130042,2701,7205,185,7810,6848,129019,206,765,106264,3370,17248,605,2537,85936,43935,71647,58395,4261,13433,46361,32711,11129,6012,3827,3028,2103,776,6394,0,57,1163,1439,6214,5704,85167,24135,5778,316
Georgia,2017,129243,2807,7729,250,8192,6172,128061,307,822,105320,3370,17649,409,2470,84964,44098,71166,58060,4900,13940,48021,32978,11442,6052,3762,2876,2201,762,2297,0,58,1112,1463,6387,5736,84819,23780,5571,258
Georgia,2018,126172,2736,7423,274,8533,5506,124973,359,792,103408,2920,16823,405,2603,83218,42851,69192,56966,5115,14257,46208,31316,11268,5918,3590,2832,2019,789,2851,0,59,1085,1395,6434,5536,83338,22841,5196,251
Georgia,2019,126371,2984,8119,286,9052,5219,125133,447,744,102656,3355,17280,324,2746,82899,43360,68700,57656,5282,14043,46811,32084,10759,5702,3575,2773,1867,828,2637,0,62,1058,1375,6427,5841,84934,21705,4702,231
Georgia,2020,122473,3537,8799,218,9724,5083,121085,407,930,97216,4154,17944,389,2759,80909,41462,65784,56672,5845,12693,45870,33068,10530,5342,3114,2437,1630,745,1186,0,45,985,1307,6172,5471,82838,21111,4284,215
Georgia,2021,124073,3650,10174,239,11416,4325,122279,485,1245,95539,4470,20226,606,3212,80535,43474,67040,57025,5169,12896,48285,34046,10167,4934,2938,2260,1589,749,1030,0,46,1037,1410,6503,5744,84677,20017,4383,203
Georgia,2022,126130,3994,9866,213,11657,3586,124298,418,1341,96561,5033,21077,443,2995,81648,44412,68698,57417,4336,13236,47466,35971,10607,5229,3203,2541,1760,852,914,0,35,1094,1324,6638,5869,85624,20661,4569,268
Georgia,2023,125120,3954,9386,188,12043,2695,123297,393,1360,94221,4954,22902,447,2569,80322,44742,67131,57981,5821,11693,45159,36279,11048,5611,3243,2472,1755,768,1263,0,35,1015,1253,6529,5953,85333,20368,4346,239
Illinois,2010,165200,2285,9922,298,7568,12984,164358,Suppressed,738,145202,8996,9770,124,1050,113508,51435,98293,66907,2822,10173,53932,54922,17213,7623,4538,2657,1693,712,8801,0,91,1294,1599,7535,6440,103015,35192,8341,380
Illinois,2011,161312,2229,10428,214,7802,12099,160475,Suppressed,731,141580,8838,9030,82,946,110139,51066,96811,64501,2057,9493,56380,55071,17255,7566,4309,2739,1826,787,3732,0,86,1234,1560,7418,6028,100151,35974,8309,337
Illinois,2012,159160,2275,10834,190,7602,11282,158292,Suppressed,757,139172,9298,9437,120,924,108193,50761,94863,64297,1785,9059,55222,54571,16570,7382,4337,2798,1874,808,4628,0,99,1154,1536,6999,6103,99525,34501,8073,331
Illinois,2013,156931,2289,11163,170,8061,10962,155937,19,851,137412,8607,9792,163,872,106922,49673,93599,63332,1494,9120,55207,53168,15757,7212,4245,2816,1873,816,5113,0,73,1109,1510,7059,5864,98757,33723,8332,323
Illinois,2014,158556,2547,10938,157,8675,10676,157513,22,899,137907,9031,10354,132,1058,108903,49485,95001,63555,1687,11386,66966,44936,13341,6521,3991,2893,1892,621,4315,0,78,1215,1528,7174,6021,99577,33387,9130,375
Illinois,2015,158116,2809,11776,178,9844,10355,157174,22,815,137214,9721,10113,58,950,109101,48909,94169,63947,1956,8033,65106,45965,13640,6952,4165,3215,2167,738,6173,0,96,1108,1580,7084,6180,100073,32801,8740,361
Illinois,2016,154445,3053,11609,233,10543,9891,153482,16,840,132457,10487,10454,113,870,106418,47965,93153,61292,2052,6300,63046,45872,13342,6957,4374,3447,2314,766,5966,0,92,1110,1563,7105,6082,98911,31036,8160,298
Illinois,2017,149390,3267,12117,292,10914,9466,148469,19,784,126309,10636,11303,160,879,102852,46467,89978,59396,2069,5342,59915,44710,12995,6909,4303,3313,2341,888,6595,0,90,978,1408,6995,6080,96191,29496,7796,278
Illinois,2018,144815,3548,12149,228,12046,8623,143825,24,855,121526,10645,11487,195,922,99664,45099,87845,56946,2071,5146,58148,44240,12184,6386,4028,3282,2264,755,6303,0,90,985,1326,7001,6043,95103,27391,6561,236
Illinois,2019,140128,3733,12744,192,12942,7409,139203,16,819,115935,10994,12156,64,925,97172,42925,84773,55336,1783,4774,56362,44802,12009,6364,4111,3018,2137,708,4054,0,70,876,1323,6629,6088,95281,24505,5107,197
Illinois,2020,133298,3807,13463,141,12702,6722,132203,21,998,109558,10938,11709,86,968,92179,41086,79269,54022,1813,4160,52856,45176,11244,5985,3583,2685,1733,576,3484,0,67,810,1167,6040,5657,92980,21887,4444,176
Illinois,2021,132189,4073,14143,108,13735,5851,130692,247,1155,107090,11720,12135,82,1129,90949,41199,79905,52263,1807,3478,52233,47090,11142,5473,3246,2421,1696,589,3007,0,57,744,1238,6406,5745,93205,20567,4017,154
Illinois,2022,128350,4319,14122,132,14038,4649,126691,370,1181,102103,12162,12763,80,1215,88601,39725,77794,50535,1914,3342,47853,47264,11671,5756,3400,2601,1891,644,2008,0,61,779,1119,6163,5442,90281,20339,3954,153
Illinois,2023,124820,4420,14060,129,14445,3701,123106,445,1162,98948,12267,12481,79,1013,86082,38710,75238,49556,1915,3153,43467,47699,12082,5694,3544,2746,1991,654,1871,0,59,772,1149,6086,5356,87820,19593,3760,162
Indiana,2010,83940,1016,5060,115,4657,14395,82145,473,1306,73403,3766,5612,370,765,58479,25427,47813,36127,1081,2448,23535,31543,11567,5694,3334,2142,1414,628,486,0,49,551,800,3707,3337,51293,18596,4938,581
Indiana,2011,83701,1097,5707,138,4628,13900,81850,474,1365,73067,3961,5335,437,861,58087,25576,47927,35774,1021,2283,22874,31824,11965,5609,3423,2203,1346,648,407,0,49,550,788,3710,3245,51053,18668,4965,581
Indiana,2012,83227,1127,5535,150,4775,13755,81382,529,1307,73053,3889,5128,405,740,57615,25583,47279,35948,1024,2276,22717,31933,11663,5601,3341,2150,1431,648,363,0,45,489,710,3641,3110,51374,18298,4942,536
Indiana,2013,83102,1196,5124,166,4411,13030,81172,543,1376,72806,3755,5298,455,761,57750,25334,47125,35977,1024,2095,22076,32038,11890,5782,3387,2203,1477,698,331,0,45,551,750,3493,3149,51295,18230,4884,653
Indiana,2014,84080,1223,5217,147,4897,12672,82118,555,1385,73677,3907,5111,562,801,58596,25464,47671,36409,1245,2920,28648,28613,10084,5259,3027,2207,1364,488,216,0,38,504,769,3655,3176,51695,18197,5348,674
Indiana,2015,84040,1233,5387,154,5242,12014,81963,587,1481,73172,4092,5278,631,825,59157,24873,47691,36349,1079,3134,28655,29804,9706,4890,2844,1937,1337,460,188,0,41,516,792,3532,3180,52018,18151,5258,534
Indiana,2016,83091,1271,5880,154,5650,11212,80989,720,1367,71738,4388,5349,634,931,58310,24762,47643,35448,1128,2926,27491,30758,9452,4699,2603,1988,1381,464,191,0,38,572,795,3592,3290,51504,17559,5196,525
Indiana,2017,82170,1521,6061,135,6161,11098,80067,732,1354,71066,4254,5137,724,960,57725,24431,47022,35142,1229,2242,26678,31012,9547,4606,2743,2001,1387,511,206,0,35,504,746,3555,3247,51863,16929,4788,483
Indiana,2018,81646,1622,6312,127,6812,10312,79506,858,1255,70078,4743,5132,1002,656,57290,24344,46336,35303,1228,2023,25936,31318,9483,4637,2788,2091,1354,566,213,0,41,538,728,3701,3343,52092,16520,4271,389
Indiana,2019,80859,1934,6762,104,7368,9430,78743,885,1160,69009,5109,5033,970,698,57178,23667,45672,35180,1259,1990,26322,30945,9382,4335,2603,1939,1348,552,177,0,35,477,709,3783,3203,53888,14983,3451,307
Indiana,2020,78616,2117,7062,109,7735,8555,76111,982,1322,65857,5829,5075,996,805,54966,23642,44318,34289,1148,1897,25842,30493,8873,4309,2437,1768,1296,432,113,0,30,507,755,3624,3287,53096,14041,3035,228
Indiana,2021,79946,2707,7683,139,8229,7193,77184,1005,1559,58617,4073,5758,898,10459,55669,24272,45571,34368,1423,2091,27186,31430,8356,3684,2190,1756,1271,406,150,0,28,476,702,4005,3468,55606,12929,2525,190
Indiana,2022,79649,2591,7291,134,8392,5235,76928,1131,1469,57772,4762,6160,884,10070,55363,24282,45749,33891,1561,2026,25501,32627,7970,3906,2241,1834,1327,513,141,0,38,483,759,3897,3515,55365,12619,2788,157
Indiana,2023,79000,2786,7310,103,8640,4136,76044,1115,1680,59697,5354,6771,896,6270,54708,24280,45136,33859,1660,2016,23920,32995,8389,3931,2353,1848,1263,503,114,0,33,474,719,3943,3545,54716,12636,2679,219
Maryland,2010,73801,1698,3983,399,3023,5795,73040,292,416,65505,1490,4963,491,721,48200,25431,42908,30893,1261,2252,17203,22035,7759,3954,2387,1608,1143,517,13602,0,42,659,712,3342,2907,43864,16817,5012,258
Maryland,2011,73093,1584,4049,440,3188,5458,72296,291,466,64660,1972,5211,404,658,47579,25393,43002,30091,1584,1791,19011,24244,8689,4500,2727,1962,1331,666,6522,0,40,663,751,3233,2782,43467,16509,5152,278
Maryland,2012,72883,1763,4339,444,3230,5360,72057,353,400,63586,2000,6056,349,733,47265,25421,43179,29704,1565,1972,19813,25913,9041,4520,2848,2021,1591,803,2697,0,41,587,800,3213,2820,43936,16031,5042,228
Maryland,2013,71953,2132,4530,460,3325,5324,71154,369,390,61771,2091,6990,138,763,46570,25224,42908,29045,1523,1388,19366,23987,8558,4245,2747,2002,1635,868,5560,0,43,585,696,3098,2631,43667,15821,4992,225
Maryland,2014,73921,2103,5113,435,3911,5107,73118,374,375,63587,2050,7377,311,462,48042,25746,44549,29372,1249,1771,25270,21310,7589,4055,2619,2058,1667,837,5475,0,39,572,731,3323,2790,44272,16517,5418,209
Maryland,2015,73616,2205,5575,281,4491,4758,72751,362,428,62586,1999,7846,292,781,47859,25664,44094,29522,1210,1517,25603,21554,7498,4051,2598,2071,1606,786,5111,0,47,578,730,3204,2821,44396,16233,5321,237
Maryland,2016,73136,2120,5599,215,4548,4299,72272,329,465,61835,2422,8253,78,466,48467,24606,44130,29006,1013,1704,25596,21744,7314,3960,2474,2020,1581,713,5009,0,45,550,751,3167,2895,44322,15889,5289,180
Maryland,2017,71641,2115,6021,145,5112,3932,70717,326,515,60107,2580,8219,104,570,47340,24244,43276,28352,830,1867,26620,21888,7159,3759,2287,1869,1411,561,3376,0,50,581,767,3213,2880,43661,14924,5335,181
Maryland,2018,71080,2218,5951,136,5198,3719,70127,329,521,59165,2529,8487,92,744,47008,24058,43174,27895,900,1690,26032,22837,6963,3537,2244,1597,1410,550,3308,0,38,549,721,3194,2729,43627,14888,5128,160
Maryland,2019,70178,2189,5898,161,5392,3281,69214,342,533,58429,2273,8523,114,761,47041,23124,41762,28398,1063,1612,25309,23060,6792,3513,2057,1748,1325,574,3109,0,33,488,704,3193,2793,44232,14044,4483,160
Maryland,2020,68554,2557,6860,119,5907,2846,67523,216,720,56954,2361,8321,276,588,45427,23114,40604,27940,929,1483,24077,24021,6764,3616,2096,1549,1055,394,2564,0,32,507,611,3027,2764,43470,13616,4349,148
Maryland,2021,68285,2528,7075,108,6801,2262,67159,176,856,56299,2762,8173,428,553,44834,23441,40472,27803,974,1480,24738,24191,6384,3106,1967,1448,1046,470,2475,0,31,445,682,3281,2857,43801,13139,3856,150
Maryland,2022,68782,3025,7329,203,6810,1873,67682,110,902,56190,2674,8828,438,592,45160,23609,40791,27979,1365,1258,22837,24534,6773,3393,2047,1537,1113,555,3360,0,22,488,599,3201,2765,44013,13378,4121,150
Maryland,2023,65594,3226,7202,109,7295,1527,64584,94,815,53098,2656,8953,411,391,42653,22926,38722,26855,1243,1182,21405,23746,6615,3155,1940,1500,1070,463,3270,0,28,434,711,2926,2615,42461,12549,3675,144
Michigan,2010,114531,1441,5836,0,5435,0,113572,114,802,86595,20133,7147,336,318,77189,37322,66612,47919,1358,8672,38456,39440,11628,5169,2955,1816,1137,458,3381,0,103,806,1156,5108,4537,66883,26837,8461,543
Michigan,2011,114008,1541,6957,0,5544,0,112905,127,924,86207,19892,7156,407,339,76571,37404,65770,48238,1262,8236,38256,39906,11491,5086,2915,1866,1213,544,3162,0,74,811,1118,5097,4265,66581,26976,8459,520
Michigan,2012,113091,1676,7210,0,5589,0,111877,141,1036,84573,20389,7275,499,350,76197,36867,65296,47795,1251,8898,37577,38961,11208,5138,3093,1963,1311,584,3022,0,67,853,1125,5093,4271,66905,25721,8405,536
Michigan,2013,113489,1722,6638,0,5743,0,112342,72,1019,84034,21033,7411,571,440,76511,36951,65360,48129,1524,8347,36863,39310,11721,5270,3171,2227,1422,621,2915,0,75,866,1165,4912,4032,67231,25804,8842,463
Michigan,2014,114375,1533,6542,165,5882,15129,112973,117,1231,83077,22282,7759,795,458,76874,37480,66558,47817,1479,9917,43822,34647,10235,4956,2984,2111,1313,482,2424,0,67,793,1088,5130,4076,67101,26401,9180,499
Michigan,2015,113312,1607,6687,120,6750,13859,111828,118,1306,81934,22198,7772,825,577,77094,36196,65780,47532,1521,9733,43887,33962,9925,4814,2786,1971,1367,503,2829,0,65,803,1095,5048,4189,66719,25655,9195,498
Michigan,2016,113315,1768,6935,122,7370,13126,111754,128,1388,81472,22011,8264,971,588,77065,36227,66815,46500,1599,9578,43719,34529,9620,4737,2747,1949,1223,416,3190,0,59,788,1092,5124,4427,67267,25028,9034,457
Michigan,2017,111426,1843,7246,88,7876,12453,109884,117,1375,78823,22089,8841,1012,644,75803,35583,65640,45775,1775,9058,42928,34896,9048,4317,2544,1879,1183,391,3395,0,65,798,1040,5110,4393,66799,24226,8529,426
Michigan,2018,110032,2072,7421,81,8616,11523,108403,84,1487,77025,22201,9115,995,689,74641,35365,65136,44882,1445,8305,42289,34916,9492,4315,2698,2027,1233,445,2857,0,63,671,952,5069,4284,67027,23295,8227,395
Michigan,2019,107886,2291,7583,77,9541,11113,106215,93,1534,75160,21627,9525,804,760,73345,34512,63667,44205,1531,8158,41628,34337,8744,4145,2698,2005,1539,513,2582,0,58,749,990,5064,4209,67445,22092,6904,326
Michigan,2020,104074,2599,8252,352,8644,10115,101949,82,1972,71041,21833,10150,383,636,70280,33772,61147,42916,1679,6222,41312,34169,8867,4140,2505,1894,1397,484,1397,0,61,674,969,4805,4130,66253,20739,6073,329
Michigan,2021,104980,2764,9122,553,9184,8625,102609,91,2225,69560,22536,10336,1720,813,70010,34846,62643,42323,1958,4954,39921,37408,9154,4155,2435,1897,1309,464,1317,0,66,702,993,5126,4233,68403,19682,5355,337
Michigan,2022,102321,2749,8393,315,9754,6685,99883,396,2032,67118,21739,10842,1903,698,68384,33903,62004,40306,2135,5796,38809,35017,8879,3937,2469,1993,1379,527,1376,0,50,629,969,4839,4177,66610,19280,5378,337
Michigan,2023,99124,2865,8511,194,10029,5181,96669,403,2024,63032,22227,11245,1893,706,66133,32924,60800,38311,2791,5422,37908,33000,8084,3697,2264,1829,1328,452,2345,0,33,622,859,4675,4023,65130,18403,5016,321
Missouri,2010,76759,1181,4396,821,3366,14329,75690,59,859,63232,10134,2557,429,407,52108,24449,45923,30836,736,3541,29901,22880,7615,3752,2142,1196,830,343,3771,0,46,475,731,3397,3006,48544,16148,3763,292
Missouri,2011,76117,1234,4360,331,3831,13799,74912,61,989,62552,10120,2472,577,396,51855,23775,45609,30508,791,3236,28662,23236,7662,3777,2180,1292,818,351,4063,0,40,447,707,3161,2914,48323,15916,3805,275
Missouri,2012,75446,1417,4510,409,4166,13520,74023,136,1151,61589,10286,2329,835,406,51126,23851,45143,30303,723,3168,27960,22946,7550,3880,2212,1373,905,400,4292,0,38,494,710,3175,3006,48108,15577,3676,289
Missouri,2013,75296,1414,4346,324,4325,13162,73791,297,1094,61283,10361,2489,776,387,51672,23331,44924,30372,817,3002,27946,23083,7590,3883,2271,1511,1023,528,3562,0,31,471,656,3258,2779,47576,16019,3811,301
Missouri,2014,75360,1388,4496,319,4608,12475,73711,382,1143,60281,11242,2552,781,502,52482,22635,45068,30292,913,4640,32298,18605,6685,3776,2353,1657,1057,391,2970,0,34,464,659,3357,2832,47708,15878,4040,297
Missouri,2015,75061,1580,4748,383,5264,11810,73416,367,1131,59583,11540,2519,805,613,52211,22739,44716,30345,788,3837,31346,20328,6639,3812,2270,1532,980,385,3130,0,30,491,725,3346,2912,47489,15789,3898,282
Missouri,2016,74705,1706,5186,493,5502,11294,72969,295,1179,58931,11414,2956,889,514,52109,22520,44952,29753,906,2534,29711,22561,6493,3412,2116,1505,1040,329,4088,0,33,488,684,3412,2967,47514,15397,3814,277
Missouri,2017,73034,1960,5531,515,5815,10457,71312,268,1164,56683,11838,3231,858,422,50895,21920,43866,29156,943,2044,28260,22293,6695,3510,2010,1550,1004,367,4355,0,24,486,703,3424,3065,46761,14653,3570,262
Missouri,2018,73269,2045,5749,417,5993,9985,71457,275,1183,56484,12033,3456,935,360,51194,21906,43748,29511,1210,1972,28169,22220,6811,3557,2256,1620,1166,457,3823,0,27,437,720,3546,3119,48395,13688,3031,235
Missouri,2019,72127,2264,6055,463,6256,9144,70422,240,1071,55077,12165,3675,923,282,50370,21646,42995,29122,1657,1768,28411,22542,6417,3467,2183,1596,1181,534,2359,0,23,466,700,3484,3159,48994,12430,2553,223
Missouri,2020,69285,2383,6684,415,6363,8219,67274,272,1309,51816,12039,3918,1190,321,48971,20258,40767,28505,1425,1551,27059,22058,6605,3302,2035,1448,987,461,2344,0,33,430,598,3381,3157,48598,10789,2016,205
Missouri,2021,69453,2576,6964,411,6965,6879,67252,247,1403,51088,12926,3718,1241,478,48370,20912,41742,27702,1433,1523,26975,23902,6185,2924,1758,1276,1010,435,2025,0,20,425,625,3527,3224,49058,10372,1904,207
Missouri,2022,68985,2656,6635,495,7746,5441,66768,197,1421,50154,13049,4056,1247,479,47964,20960,41996,26982,1522,1492,25710,24217,6503,3201,1915,1452,1055,523,1389,0,20,447,645,3506,3174,48273,10555,2058,236
Missouri,2023,67123,2743,6595,599,7752,4443,64832,150,1692,48355,12622,4271,1447,424,46805,20264,40836,26284,1648,1163,23190,25675,6762,3081,1854,1326,1010,497,905,0,23,356,638,3402,2983,47188,10113,2124,234
New Jersey,2010,106922,1459,6206,43,3537,0,106503,21,302,88753,9857,7952,117,231,64841,41033,69092,37830,0,0,0,0,0,0,0,0,0,0,0,106922,21,738,1013,4677,3913,63553,25940,6661,358
New Jersey,2011,105883,1535,6069,56,2836,0,105409,25,336,87664,10281,7564,149,217,63752,40990,67916,37967,0,0,0,0,0,0,0,0,0,0,0,105883,21,785,1042,4760,3870,63088,25044,6865,369
New Jersey,2012,104230,1484,6920,87,2590,0,103765,25,336,86793,9811,7191,189,238,63200,39968,66585,37645,0,0,0,0,0,0,0,0,0,0,0,104230,22,743,974,4508,3866,62970,24243,6532,323
New Jersey,2013,102575,1511,6643,101,2720,0,102101,23,349,85315,9429,7437,156,226,62664,39098,66065,36510,0,0,0,0,0,0,0,0,0,0,0,102575,29,687,974,4561,3689,61540,23905,6826,316
New Jersey,2014,103305,1625,7312,104,2853,0,102796,30,381,84741,10873,7032,264,388,64161,38343,66659,36646,0,0,0,0,0,0,0,0,0,0,0,103305,25,662,974,4496,3728,61724,24096,7256,318
New Jersey,2015,103127,1705,7894,148,4007,0,102619,13,394,83636,11567,6919,173,805,64914,37874,66912,36215,0,0,0,0,0,0,0,0,0,0,0,103127,25,650,955,4660,3774,62249,23275,7182,322
New Jersey,2016,102647,1769,8557,154,4807,3952,102122,25,404,82608,11260,7593,110,977,65430,37164,67143,35504,1628,4344,38070,34653,10002,4862,2977,2203,1506,475,1919,0,24,616,955,4526,4005,62927,22414,6853,287
New Jersey,2017,101250,1752,8940,125,4828,3690,100736,18,397,80608,11712,7928,82,895,64839,36371,66894,34340,1616,3987,37792,34349,10019,4889,2900,2156,1489,534,1514,0,25,618,858,4356,3756,62386,21987,6993,251
New Jersey,2018,101223,2042,9506,139,5532,3235,100614,59,443,79650,12085,8538,114,806,65849,35335,67001,34204,1682,3405,37755,35028,9848,4652,2903,2221,1538,542,1641,0,12,580,926,4375,3725,62557,21847,6963,215
New Jersey,2019,99585,2110,9400,140,6006,2740,98926,142,415,77904,11880,8916,132,728,65629,33554,66158,33414,2023,2980,37087,34721,9673,4690,2831,2215,1547,565,1246,0,18,577,886,4231,3798,62478,20755,6473,231
New Jersey,2020,97954,2263,10323,91,6576,2439,96993,299,562,76470,11533,9115,179,630,65359,32551,64710,33233,1490,2852,36796,34809,9452,4527,2816,2048,1417,538,1203,0,17,516,816,4126,3666,61770,20525,6292,198
New Jersey,2021,101497,2537,11043,127,6902,1885,100399,397,591,76173,11676,9865,418,3347,68537,32942,67635,33843,1880,2571,37031,37838,9737,4361,2612,1910,1427,498,1627,0,11,501,839,4241,3721,65195,20860,5901,201
New Jersey,2022,102893,2534,10056,86,6983,1387,101648,527,605,77144,14188,10765,300,491,69049,33844,68499,34375,1770,2193,35109,40082,10505,4825,2913,2328,1626,659,881,0,22,543,784,4362,3836,65811,21169,6164,194
New Jersey,2023,101001,2593,9856,105,7077,1141,99701,626,545,73784,15382,11028,38,769,67575,33423,67125,33855,1890,1950,33918,40400,10171,4515,2840,2261,1620,618,812,0,15,500,739,4289,3825,65115,20451,5854,201
New York,2010,244375,3293,13541,258,7081,15165,241823,202,2068,209100,8934,24858,15,1410,158895,84377,142579,101796,1666,8526,78547,87617,28257,12654,7381,5405,4005,1993,8075,0,79,1667,2344,10309,8505,138529,61704,19528,1351
New York,2011,241312,3399,13729,252,7264,14450,238591,191,2130,206007,9396,24425,14,1367,157862,82425,142024,99288,1617,7761,78221,86606,29293,12520,7172,4908,3938,2040,6988,0,50,1584,2209,9962,8312,137677,60345,19551,1242
New York,2012,240916,3474,14452,277,7069,14197,238166,141,2177,204901,10321,24109,14,1425,157872,82303,142548,98368,1532,8467,78141,87217,27807,12253,6860,4798,3941,2110,7544,0,58,1608,2179,9862,8177,139765,58446,19348,1061
New York,2013,236980,3477,14325,783,7493,13261,234113,163,2212,200038,11223,23978,13,1603,155175,81117,141762,95218,1425,9247,79780,84415,25673,11137,6542,5015,4379,2183,6933,0,59,1485,2011,9571,7926,135650,58620,20097,1139
New York,2014,238773,3834,16138,727,8764,12753,235698,190,2325,200174,12237,24629,Suppressed,1579,157171,80586,144115,94658,1396,15445,97034,70258,20885,9693,5992,4839,3868,1591,7749,0,68,1419,2055,9659,7913,136658,58852,20685,1166
New York,2015,237274,3942,17947,711,14317,11739,234168,176,2331,195890,14122,25305,Suppressed,1816,156486,80032,143540,93734,1222,14638,98738,71042,19591,8922,5415,4618,3814,1542,7713,0,51,1425,2060,9139,7856,136118,58480,20765,1104
New York,2016,234283,4371,19500,742,14897,11143,231201,167,2330,192694,14576,25147,13,1731,154821,78999,144143,90140,1235,15642,99215,70216,18940,8343,5241,4823,3935,1630,5044,0,50,1324,2014,9522,8046,135834,56139,20054,1008
New York,2017,229737,4452,19773,465,13188,10348,226534,173,2339,189696,14381,23750,13,1767,151118,78082,142474,87228,1390,13727,95125,72032,18805,8270,5190,4480,3765,1566,5365,0,64,1356,1995,9467,7725,133305,54802,19656,1012
New York,2018,226238,4646,20343,602,14218,9750,222922,219,2477,187729,13928,22684,21,1752,149324,76470,141425,84767,1325,12555,94631,70640,18290,8012,4985,4329,3549,1536,6356,0,58,1247,1961,9185,7830,132054,54291,18336,942
New York,2019,221539,4864,20013,556,15221,8821,218297,264,2458,182529,13881,23260,15,1713,147692,73485,138441,83049,1690,12223,94589,69070,17116,7640,4796,4020,3558,1522,5298,0,55,1249,1908,9226,7874,133051,50924,16149,775
New York,2020,209338,5146,21059,518,16141,7763,205358,349,3030,170892,13970,22514,56,1751,138645,70304,129509,79782,1893,9469,86477,68144,17166,7866,4620,3756,2949,1187,5797,0,36,1189,1850,8727,7477,128494,46543,13970,711
New York,2021,210742,5576,21721,595,16865,6322,206768,316,2913,170724,15055,22985,142,1664,138519,71807,130377,80314,1899,8424,84757,71865,17175,7385,4702,3865,3132,1285,6234,0,39,1181,1852,9270,8048,132177,43955,13188,686
New York,2022,207774,5965,20785,611,16638,4996,203789,213,3019,166608,16644,22788,42,1549,136966,70330,129052,78686,2312,8452,80034,72402,17526,7511,4809,4180,3472,1627,5433,0,43,1124,1748,9016,7678,131297,43360,12418,687
New York,2023,203612,6034,20410,628,16307,3969,199631,188,3045,161930,16157,23656,147,1557,134309,68836,126703,76877,2319,7919,77818,71111,17332,7694,4872,4346,3766,1767,4637,0,33,1010,1707,8940,7854,129896,41673,11437,629
North Carolina,2010,122350,2234,4889,603,6349,0,121277,354,639,105997,1963,13632,121,566,83880,37677,70960,51390,0,0,0,0,0,0,0,0,0,0,0,122350,49,1004,1267,5609,4829,71710,27413,9940,481
North Carolina,2011,120389,2308,7519,345,6115,13103,119239,461,672,101688,2742,14815,124,726,83785,36583,71152,49237,1640,9338,36060,40386,15095,7219,4124,2439,1490,694,1796,0,70,1024,1245,5427,4512,71557,26302,9668,459
North Carolina,2012,119831,2344,7585,329,6169,12771,118670,540,605,101011,2723,14933,134,725,83138,36670,70661,49170,2017,9089,36266,40324,14554,7049,3901,2297,1534,697,1971,0,57,1001,1201,5376,4421,71635,26118,9479,435
North Carolina,2013,119002,2337,7501,265,6447,12303,117797,535,648,100274,2781,14977,148,751,82865,36123,69703,49299,2514,8993,35518,39933,14273,6856,4045,2494,1676,831,1712,0,73,1042,1243,5168,4274,70455,26390,9845,406
North Carolina,2014,120975,2259,7439,247,6644,11893,119756,574,624,100633,3485,16037,125,592,85228,35728,71401,49574,2234,10014,42564,36001,12557,6786,4031,2862,1804,704,1392,0,62,965,1201,5192,4361,71365,26822,10401,538
North Carolina,2015,120843,2298,7534,324,7226,11300,119505,655,659,100670,4272,14907,106,670,85379,35415,71295,49548,2692,7372,42608,38327,12970,6651,3866,2736,1856,660,1091,0,45,1053,1253,5395,4551,71421,26237,10346,488
North Carolina,2016,120779,2635,8142,474,8107,10780,119281,865,604,100547,4514,14855,87,561,85204,35549,71944,48835,1928,8292,44203,37488,12392,6726,3773,2700,1857,723,691,0,58,969,1210,5749,4556,71805,26160,9803,419
North Carolina,2017,120125,2854,8973,546,8731,10403,118286,1173,642,98944,4273,15718,164,593,84828,35271,70943,49164,2159,7177,42903,39118,12321,6457,3651,2793,1923,802,799,0,66,933,1339,5607,4646,72838,25015,9292,334
North Carolina,2018,118954,3154,9143,543,9390,9936,117201,1097,624,97354,4805,15012,427,964,83935,34982,70304,48632,2247,6325,41313,40485,12005,6323,3638,2822,1998,844,921,0,37,868,1190,5660,4585,73229,24630,8415,274
North Carolina,2019,118725,3326,8820,492,9332,8991,117112,876,716,95141,5409,15664,633,1322,84203,34483,69370,49341,2942,5251,40941,41119,11823,6065,3654,2823,2219,875,995,0,48,938,1229,5596,4835,75511,23277,7049,205
North Carolina,2020,116730,3611,9929,356,10689,7921,115021,825,852,92353,5962,16412,556,1291,81757,34932,67754,48958,3307,3508,39758,42312,11738,6022,3393,2685,1990,858,1141,0,61,863,1204,5767,4706,75425,22221,6213,231
North Carolina,2021,120466,4086,11350,366,12261,6754,118653,709,1017,94385,5897,17961,524,1312,83936,36453,71120,49330,4589,3420,40622,44892,11735,5481,3244,2596,2020,821,1029,0,36,857,1289,5809,5041,79334,22000,5799,253
North Carolina,2022,121562,4274,12096,366,13159,5425,119876,598,1067,94758,6447,17879,544,1194,84620,36656,72038,49502,5523,3771,39504,44146,12069,6111,3672,2936,2164,879,778,0,53,885,1200,5978,4890,79241,22396,6586,274
North Carolina,2023,120082,4544,12246,343,13582,4293,118364,528,1155,91914,7084,18697,752,1460,82853,36772,71136,48924,4954,3269,38687,44490,12412,6136,3414,2688,2100,814,1104,0,47,889,1182,5888,4884,79301,21780,5817,239
Ohio,2010,139128,2777,9241,942,7504,24828,137123,643,1268,109456,18553,9426,779,909,95735,42699,78225,60903,1375,5129,42769,46422,15356,7254,4416,2911,1885,870,10642,0,89,1014,1474,6241,5490,87071,29327,7527,486
Ohio,2011,137918,2930,9491,1137,7513,24018,135858,661,1287,107730,18836,9569,778,1000,94439,42845,78058,59860,1310,5202,42935,47358,15611,7106,4290,2980,2029,868,8114,0,92,1081,1386,6248,5276,87156,28569,7354,453
Ohio,2012,138483,2911,10105,1193,8150,23495,136349,582,1428,107522,19004,10039,897,1014,95504,42736,77764,60719,1545,5110,41240,48487,15659,7329,4486,3139,2192,1035,8149,0,86,1101,1549,6304,5398,87376,28576,7273,412
Ohio,2013,138936,3283,10655,1120,8722,23030,136733,609,1500,107814,19563,9444,1021,1087,95753,43130,78158,60778,1846,4448,41108,49285,16272,7699,4828,3201,2222,1113,6738,0,104,1085,1348,6353,5369,88211,28048,7345,492
Ohio,2014,139467,3618,10770,922,9414,22594,137261,613,1487,107692,19967,9727,1022,1052,96857,42598,78847,60620,2589,4860,53391,43514,13851,7207,4458,3511,2426,1006,2627,0,83,970,1467,6445,5337,89191,27775,7684,410
Ohio,2015,139264,3805,11210,404,9919,21150,136993,707,1471,105775,20897,10345,1070,1168,96885,42333,78939,60325,2203,4558,53900,44488,13495,6891,4403,3439,2393,908,2568,0,73,944,1376,6377,5530,88722,27989,7735,423
Ohio,2016,138085,4195,11645,357,11147,19764,135808,695,1498,103092,22263,10594,1062,1059,95520,42513,78765,59320,2088,3321,52360,46993,13621,6842,4280,3429,2326,914,1896,0,78,1044,1363,6338,5565,88256,27246,7689,388
Ohio,2017,136832,4317,12001,454,11752,18917,134541,716,1482,100250,23229,11134,1365,838,95397,41376,77724,59091,2042,2602,52144,47563,13309,6867,4212,3258,2341,938,1546,0,80,969,1400,6217,5502,88166,26735,7351,324
Ohio,2018,135134,4434,12334,279,12665,17760,132739,756,1529,98361,23066,11498,1388,809,93528,41558,76788,58331,2002,2753,52207,47599,12738,6454,3987,3157,2172,818,1230,0,74,881,1307,6117,5466,88193,25893,6780,337
Ohio,2019,134461,4679,12564,296,13696,15906,132050,694,1599,96884,23443,11863,1452,810,92765,41636,75850,58595,2055,2716,51985,48108,12653,6316,3768,2975,2091,817,958,0,85,924,1404,6383,5324,90037,24414,5478,309
Ohio,2020,129191,4830,13193,274,14391,14809,126455,782,1854,92077,23060,11549,1541,952,88671,40447,72905,56278,1885,2471,50012,46777,12130,6060,3536,2667,1873,708,1060,0,70,807,1187,5992,5255,88122,22330,5038,296
Ohio,2021,129791,5402,13754,305,15490,12216,126602,967,2099,92418,22453,12083,1694,1122,88914,40802,74543,55237,2093,2191,51014,48020,11521,5654,3239,2547,1733,702,1065,0,74,847,1327,6191,5298,89613,21379,4627,334
Ohio,2022,128231,5877,13299,297,16030,10032,124960,896,2244,89715,22786,12625,1825,1247,87933,40225,73922,54298,2125,2092,49063,47749,11760,5555,3502,2710,1901,756,1008,0,69,833,1256,6332,5396,88155,21098,4677,323
Ohio,2023,126896,6200,13344,325,17088,8246,123604,891,2289,86308,23257,14253,2110,943,86948,39859,73094,53790,2187,1916,48098,47327,11942,5664,3411,2761,1964,784,827,0,79,866,1252,6065,5303,88079,20284,4542,348
Oklahoma,2010,53238,843,2353,380,2103,8330,52872,16,310,39405,10883,2495,209,244,34775,18453,31006,22232,886,1912,13744,17514,7530,3688,2170,1525,1091,477,2625,0,32,365,513,2544,2465,36521,8845,1580,152
Oklahoma,2011,52272,967,2436,264,2071,7703,51856,16,361,38179,11395,2266,188,243,34392,17876,30426,21846,926,1832,14027,17137,7009,3405,2080,1426,1123,532,2695,0,14,355,499,2511,2260,35640,9077,1623,142
Oklahoma,2012,52751,892,2517,273,2441,7378,52301,29,383,37703,12566,2017,205,257,34929,17814,30452,22299,1054,1880,14663,17737,6495,3156,1995,1312,1020,509,2851,0,26,395,432,2427,2430,36112,8932,1655,146
Oklahoma,2013,53369,802,2602,216,2357,7056,52878,63,383,37154,13624,2157,133,299,35327,18039,30858,22511,1085,1974,14895,17544,6499,3109,1839,1305,1003,512,3535,0,30,316,492,2544,2243,36589,9197,1745,128
Oklahoma,2014,53339,966,2792,298,2666,6925,52687,78,532,35852,14477,2477,274,256,35681,17651,30827,22512,984,2711,18872,15815,5390,2868,1806,1505,1046,350,1987,0,21,373,490,2398,2210,36546,9213,1893,140
Oklahoma,2015,53122,1072,2782,349,2713,6465,52446,73,555,34877,15040,2661,245,298,35895,17227,30920,22202,816,2659,19508,16552,5329,2699,1677,1353,979,353,1193,0,24,315,481,2400,2265,36598,9043,1821,135
Oklahoma,2016,52592,1114,2954,287,3029,6162,51874,98,571,34272,15294,2389,244,390,35775,16816,30367,22225,946,2152,18857,16402,5571,2864,1781,1362,1066,400,1187,0,20,330,446,2472,2329,36423,8626,1764,145
Oklahoma,2017,50214,1250,3041,332,3063,5614,49507,112,543,32630,14737,2013,356,477,34058,16156,29102,21105,929,2027,19120,15242,5118,2557,1542,1273,921,314,1168,0,25,342,503,2417,2305,35000,7883,1610,102
Oklahoma,2018,49800,1385,3323,255,3486,5290,49042,185,516,32408,14719,1932,330,408,33454,16346,28780,21010,821,1880,19462,15230,4829,2453,1532,1282,883,345,1077,0,17,328,478,2537,2310,35379,7327,1306,92
Oklahoma,2019,49143,1496,3464,323,3630,4754,48408,178,505,31218,15291,1789,354,487,33359,15781,27696,21436,940,2054,19811,15123,4586,2314,1543,1173,772,293,530,0,21,307,457,2474,2387,35523,6736,1140,76
Oklahoma,2020,47623,1533,3691,343,3836,4413,46804,226,540,29612,15228,1688,488,555,32333,15290,26465,21149,893,1926,18378,15174,4528,2322,1296,1125,856,301,822,0,16,259,443,2338,2260,34807,6245,1119,101
Oklahoma,2021,48410,1603,3755,282,4009,3728,47473,268,614,29401,15926,1841,528,685,32677,15715,26958,21443,944,1944,19572,15697,4291,2067,1271,1050,710,238,625,0,13,327,513,2550,2369,35309,6185,1021,72
Oklahoma,2022,48332,1572,3727,231,4263,3165,47276,333,670,29212,15887,2026,462,723,32631,15673,27142,21173,1094,1964,18362,16406,4483,2073,1323,1016,755,275,578,0,31,286,478,2463,2204,35041,6576,1111,85
Oklahoma,2023,47909,1608,3726,248,4138,2618,46791,390,624,28681,15960,1905,411,945,32048,15846,26444,21456,866,1706,17265,17123,4847,2255,1291,980,708,257,609,0,29,282,452,2353,2163,34940,6376,1177,83
Pennsylvania,2010,143321,2298,7826,0,6513,22111,139138,1679,2452,111254,15360,13922,1814,875,98265,44930,83832,59489,2280,2714,39926,55275,16365,7832,5004,3544,2436,1033,6822,0,82,1015,1452,6292,5219,82069,34151,11289,605
Pennsylvania,2011,143178,2470,8074,0,6672,21272,138924,1454,2708,110499,15525,14165,1858,959,98129,44918,83417,59761,1997,2431,40852,55378,15998,8010,5030,3379,2451,1080,6472,0,72,977,1411,6106,5009,82428,34143,11280,627
Pennsylvania,2012,142514,2425,8539,0,6822,20560,138057,1670,2569,108783,15502,15046,2130,1012,97417,44870,82808,59706,1818,3007,41591,54279,15597,7784,4918,3371,2355,1015,6681,0,85,1056,1401,5981,4884,82837,33287,11215,595
Pennsylvania,2013,140921,2435,8433,0,7031,19499,136372,1672,2537,106632,15051,16075,2107,1049,96674,44072,82318,58603,2068,3193,41769,52219,15138,7480,4544,3331,2436,1126,7490,0,76,944,1375,5874,4797,81194,33297,11624,594
Pennsylvania,2014,142268,2519,8843,0,7018,18939,137671,1759,2472,103708,17676,15609,3895,1365,98930,43299,83885,58383,2431,3565,53542,45915,13010,6841,4517,3387,2377,770,5903,0,80,908,1299,6094,4910,83033,32917,12228,582
Pennsylvania,2015,141047,2614,8641,0,7197,17295,136283,1666,2542,101234,18549,15620,4227,1396,98596,42421,82966,58081,2164,3467,52064,46383,12936,6997,4498,3483,2498,822,5723,0,89,877,1291,6167,4800,82733,32325,11915,603
Pennsylvania,2016,139409,2630,8637,826,7689,15875,134607,1661,2641,99645,18450,18232,1942,1118,97818,41560,82729,56680,2090,4044,54561,46087,12104,6346,3850,3135,2275,914,3980,0,70,904,1258,5761,4969,82654,31310,11740,509
Pennsylvania,2017,137745,2830,9180,833,8552,15026,132880,1711,2611,98423,18710,17423,1973,1198,95657,42051,81285,56451,2189,4171,53066,45958,11814,6281,3933,3123,2406,1140,3630,0,73,911,1315,5759,4911,82271,30319,11495,473
Pennsylvania,2018,135673,2988,9850,908,9149,13874,130727,1722,2638,95900,18936,17670,2056,1088,94789,40845,80340,55324,2324,4246,51106,46493,11075,6194,3941,2967,2221,858,4226,0,65,830,1229,5678,5113,82059,29252,10770,446
Pennsylvania,2019,134230,3090,10090,1332,10342,12446,129314,1701,2606,94126,17826,19132,2135,981,93677,40530,79366,54854,2669,5743,51294,44145,10613,5673,3666,2952,2376,912,4163,0,77,855,1233,5961,5193,83566,27467,9278,389
Pennsylvania,2020,130693,3943,11127,1039,10553,11114,125412,1662,2873,89808,16510,20505,2692,1148,90735,39925,77174,53504,2263,4275,48460,45000,10740,5911,3582,2768,2220,900,4563,0,68,767,1056,5546,5049,83547,26117,7976,331
Pennsylvania,2021,132622,4235,13044,1027,12448,9530,126869,1552,3250,88809,18118,20292,3347,2030,91689,40880,79943,52666,2749,2130,48419,48856,10849,5700,3351,2720,2114,832,4883,0,47,765,1151,5878,5165,85538,25945,7589,341
Pennsylvania,2022,130252,4511,13003,511,13859,7827,124348,1227,3840,83846,19467,21441,2418,3030,89680,40442,79520,50715,2658,1997,47730,48352,10922,5759,3470,2783,2244,980,3342,0,72,771,1122,5735,4813,84061,25906,7144,416
Pennsylvania,2023,126951,4799,13427,442,15622,6491,120934,1207,4181,80377,20138,20503,3293,2608,87154,39718,77729,49205,2285,1857,45934,46969,11129,5640,3544,2913,2406,1141,3107,0,60,714,1087,5844,4606,81835,25200,7024,391
South Carolina,2010,58342,1587,3620,0,3164,6850,57717,347,260,53715,1202,2667,451,270,37887,20402,30569,27773,653,1777,19111,18464,6905,3655,2413,1691,1150,555,1909,0,14,477,689,2875,2649,38641,10662,2190,105
South Carolina,2011,57393,1563,3421,0,3036,6406,56696,430,255,53446,896,2227,564,209,37204,20169,30375,27018,626,1912,19144,18620,7172,3735,2314,1621,1226,519,414,0,19,463,683,2852,2581,38161,10376,2121,102
South Carolina,2012,57155,1431,3573,0,3297,6286,56343,511,282,52616,1173,2509,614,207,36891,20236,29753,27402,586,1782,18666,19093,7262,3679,2376,1599,1124,559,348,0,17,459,665,2854,2447,38008,10383,2172,114
South Carolina,2013,56795,1250,3948,0,3822,6211,56001,476,307,52310,1177,2438,612,218,36890,19893,29916,26879,584,1644,18067,18877,7458,3781,2362,1667,1158,538,593,0,15,458,713,2818,2322,37540,10518,2280,103
South Carolina,2014,57627,1483,4372,0,4079,6439,56831,443,340,52981,1255,2633,452,278,37837,19778,30366,27261,642,1989,21462,17730,6357,3663,2270,1660,1153,379,319,0,17,428,677,2823,2267,37780,10805,2695,115
South Carolina,2015,58139,1600,4336,0,4024,5695,57274,502,353,52870,1363,3081,462,329,38497,19594,31096,27043,812,2013,20925,18313,6584,3624,2282,1756,1217,433,170,0,19,492,651,2888,2379,37619,11232,2720,111
South Carolina,2016,57342,1697,4380,0,4248,5231,56393,544,396,51809,1681,3035,399,355,38113,19208,31377,25965,876,1965,20530,18730,6440,3362,2081,1683,1144,411,114,0,13,464,659,2891,2368,37419,10764,2633,116
South Carolina,2017,57029,1775,4210,0,4737,4793,56065,549,406,51006,1991,3146,505,318,37890,19130,30723,26298,919,1690,21171,18818,6206,3376,1897,1438,1046,360,106,0,18,450,625,2917,2386,37877,10333,2314,83
South Carolina,2018,56669,1950,4395,0,4945,4649,55732,529,393,50647,2326,2871,431,319,37667,18994,30508,26157,1202,1728,22474,17819,5522,3080,1883,1424,1015,410,111,0,19,447,617,2876,2467,38319,9706,2096,100
South Carolina,2019,57038,2031,4320,0,4935,4213,56224,443,361,51353,2011,2922,417,273,38070,18955,30419,26614,1032,2192,23397,17528,5197,3061,1796,1368,955,338,170,0,28,439,677,2969,2426,39799,8955,1655,73
South Carolina,2020,55704,2364,4971,0,5098,3639,54771,340,577,50178,1795,2849,552,294,37059,18633,29716,25976,1142,1574,23260,17460,4834,2853,1751,1362,963,370,132,0,19,427,585,2936,2609,39444,8083,1502,81
South Carolina,2021,57185,2268,4887,0,5345,3042,56064,346,743,50963,1757,3448,644,349,38017,19160,31298,25876,1910,1304,22892,18118,5208,2806,1736,1527,1157,421,101,0,22,457,652,3066,2706,40418,8229,1515,96
South Carolina,2022,57820,2763,5385,122,5822,2463,56506,356,918,50841,2305,3429,855,383,38946,18859,31775,26036,1143,1302,22786,18936,5583,2941,1822,1545,1195,457,105,0,24,470,593,2982,2644,40992,8426,1563,106
South Carolina,2023,57729,2893,5766,78,6863,1813,56416,407,874,49941,2847,3614,844,478,38887,18825,31809,25908,1170,1177,22728,19324,5724,2952,1697,1358,1002,424,167,0,31,413,574,3092,2591,41301,8025,1576,113
Texas,2010,386118,3987,17499,445,19781,18794,382400,1828,1834,351848,16642,12063,1940,2871,250497,135599,222470,163648,15739,23440,100640,110952,54191,30279,19673,12821,9156,4513,4088,0,183,2647,3720,18563,17004,258203,67483,16026,2156
Texas,2011,377445,4272,18540,365,19122,17516,373511,1995,1887,344428,15941,11297,2265,2818,244132,133291,218737,158708,14651,22574,103202,111962,52555,27645,17070,11418,8037,4101,3685,0,139,2502,3579,18118,16040,253669,66259,15109,1884
Texas,2012,382727,4041,19280,396,19850,16965,378304,2309,2057,349144,16235,11924,2550,2736,247441,135259,221619,161108,14425,23615,102156,114452,52926,27808,17190,11655,8478,4435,5018,0,150,2627,3799,17907,15696,259934,66167,14573,1731
Texas,2013,387340,4701,19077,337,19874,16807,382725,2564,2011,352443,17296,12236,2739,2464,250916,136391,223705,163635,14145,21968,102729,116361,52610,27773,17075,11526,8683,4532,9304,0,153,2545,3608,17813,16221,261378,68909,15056,1509
Texas,2014,399766,4944,22113,470,22292,15687,394284,3001,2424,360894,19499,12665,3231,3313,260300,139438,233012,166754,14067,28652,123560,108639,47688,25983,16110,12031,8765,3634,10585,0,126,2719,3773,18281,16446,268331,72128,16183,1620
Texas,2015,403618,5231,22192,455,23924,14521,398159,3101,2295,363960,20806,12423,3308,2851,264701,138811,236102,167516,12864,28521,125270,112668,48202,25793,15562,11842,9496,3812,9538,0,109,2637,3724,18327,16222,271513,73093,16266,1552
Texas,2016,398047,4952,22728,342,24273,12978,392471,3181,2316,358476,20387,13100,3537,2178,260679,136950,233496,164551,13524,26824,122630,112897,47016,25339,16095,13442,9764,3968,6500,0,117,2649,3827,18428,16367,270354,69228,15394,1308
Texas,2017,382050,5284,23223,297,25241,11394,376488,3117,2378,343469,19396,12857,3750,2062,248208,133566,225447,156515,13482,26541,120378,109706,43746,23330,14119,12188,8881,3899,5731,0,157,2591,3647,17776,16232,261014,64967,14226,1193
Texas,2018,378624,5743,23343,381,26995,10239,373168,2973,2428,338268,20454,13656,3673,2358,245950,132626,223883,154645,12073,27390,121511,108843,43196,22024,13585,10766,8726,3938,6502,0,144,2500,3538,18137,16480,262598,60681,13376,1075
Texas,2019,377599,5434,24004,319,27834,9206,372156,2809,2618,334684,20176,11614,6141,4963,246089,131190,221191,156307,13083,28416,120476,107216,42263,22323,13694,10604,8076,4346,7026,0,140,2517,3550,18384,17043,267212,56123,11835,750
Texas,2020,368190,6294,27071,296,28114,7884,361694,3418,3064,324136,19986,11587,6973,5495,240278,127577,214773,153363,14411,26619,118173,105750,40335,20761,12650,9700,7028,4525,8157,0,174,2414,3490,17440,16193,262812,53985,10788,809
Texas,2021,373594,6567,28371,338,30191,6317,366013,3805,3765,325633,20671,12517,7228,7480,243311,130033,219158,154333,14824,27964,121022,108008,39283,19324,11960,9530,7293,4086,10220,0,139,2455,3733,19049,17142,265413,53645,11103,813
Texas,2022,389741,7533,29559,413,32373,5088,381702,4054,3970,340601,22032,12403,7423,7063,254551,134979,227048,162580,15352,26152,120913,110178,42165,21531,13216,11715,8443,4299,15704,0,130,2535,3861,19649,17693,273894,58177,12737,963
Texas,2023,387945,8278,30513,530,33958,4034,379794,3987,4151,334944,24279,12625,7890,7842,253891,133915,224600,163236,15259,24634,117392,111252,45189,22644,13847,11976,9299,4119,12221,0,169,2552,3614,19351,17486,274937,56729,12086,958
Washington,2010,86539,1152,5549,0,4606,7876,83946,939,1618,72344,2570,7970,2409,1227,61046,25493,57974,28565,971,2904,24588,31724,10419,4643,2678,1845,1396,593,4701,0,21,391,602,3336,2954,48658,21569,8115,640
Washington,2011,86976,1078,6093,0,4743,7749,84201,1095,1635,73375,2498,7571,2537,941,61962,25014,58421,28555,1103,3065,25186,31234,9989,4549,2761,1955,1405,710,4946,0,15,335,663,3300,2794,48543,21851,8504,597
Washington,2012,87463,1098,6655,0,4925,7637,84453,1182,1743,73220,2722,8098,2752,656,62133,25330,59051,28412,754,3003,26398,31354,9838,4607,2620,1856,1452,656,4838,0,28,438,616,3233,2947,49800,21554,7960,588
Washington,2013,86577,1239,6762,227,4775,7295,83365,1273,1856,71722,3177,8063,2982,608,62064,24512,58222,28355,745,2626,26511,31205,9440,4335,2520,1847,1409,681,5171,0,25,400,655,3283,2660,48849,21217,8572,660
Washington,2014,88585,1270,7343,165,5272,7016,85159,1304,2049,72093,3943,8878,2988,663,64109,24476,60135,28450,796,3407,33892,26864,7977,4116,2589,1999,1505,551,4880,0,18,424,627,3307,2749,49674,21473,9452,766
Washington,2015,88990,1373,8042,118,5570,6391,85461,1421,2029,71140,4632,7668,3023,2396,64520,24447,60414,28576,831,2849,34917,27886,7466,3901,2523,2041,1649,611,4299,0,28,444,683,3284,2777,49910,21534,9569,694
Washington,2016,90505,1418,8509,79,5702,6204,87009,1463,1926,69936,5578,6226,2952,5784,65577,24803,61770,28735,921,2558,35125,29080,7689,3850,2390,2139,1717,642,4382,0,Suppressed,366,659,3360,2970,51316,21464,9608,678
Washington,2017,87562,1688,8783,92,6211,5887,84265,1351,1877,67158,5652,6840,2495,5392,63216,24190,59844,27665,918,2334,34860,27504,6967,3496,2266,1985,1550,558,5110,0,15,361,606,3338,3014,50882,19792,8886,560
Washington,2018,86085,1744,9027,86,6676,5091,82848,1301,1822,64514,6104,7950,2652,4853,61998,23980,59282,26760,712,2124,32469,27734,6902,3369,2169,1931,1427,540,6691,0,26,407,587,3183,2944,50702,19368,8270,472
Washington,2019,84895,1825,9234,74,7350,4485,81831,1230,1745,62176,7526,8761,2717,3645,61147,23579,58266,26588,697,2386,32071,26572,6642,3269,2159,1874,1479,572,7157,0,19,348,572,3181,3052,51301,18407,7455,384
Washington,2020,83086,1921,9843,95,7834,4023,79456,1403,2140,59511,8689,9941,3117,1739,59256,23646,56737,26288,870,2555,31488,25383,6428,3114,1933,1832,1349,459,7669,0,25,388,627,3182,2945,50741,17425,7196,417
Washington,2021,83911,1873,10750,173,8460,3295,80108,1598,2116,59146,9204,10286,3310,1816,59361,24290,57369,26489,998,2217,29883,26326,6551,2930,2035,1924,1339,508,9190,0,19,368,676,3308,3051,51926,17139,6848,403
Washington,2022,83333,1913,10671,146,8616,2570,79436,1670,2127,58393,9229,10243,3401,1920,58224,24608,56915,26363,1059,1985,27635,28277,7288,3355,2216,2040,1554,641,7268,0,18,371,620,3313,2965,50874,17287,7222,444
Washington,2023,80932,2089,10807,107,9076,2092,77137,1761,1929,54670,9967,10771,3337,2062,56450,24219,55155,25723,1097,1783,26063,28394,7638,3579,2316,2034,1527,617,5872,0,16,365,603,3117,2925,49946,16590,6808,366