,State,Year,Deaths,Population,"$10,000 to $14,999","$100,000 to $149,999","$15,000 to $24,999","$150,000 to $199,999","$200,000 or more","$25,000 to $34,999","$35,000 to $49,999","$50,000 to $74,999","$75,000 to $99,999","Less than $10,000",Total,Female_Population,Absolute_Overweight,Absolute_Obese,Absolute_Overweight_or_Obese,Absolute_No_Activity,Births,ChronicHypertensionBirths,DiabetesBirths,EnclampsiaBirths,Pregnancy-AssociatedHypertensionBirths,TobaccoUseBirths,HospitalBirths,ResidenceBirths,MD_Delivery,DO_Delivery,CNM_Delivery,Other_Delivery_Attendant,Vaginal_Delivery,Cesarean_Delivery,Married,Unmarried,NoPrenatalCare,1stMonthInitialCare,2ndMonthInitialCare,3rdMonthInitialCare,4thMonthInitialCare,5thMonthInitialCare,6thMonthInitialCare,7thMonthInitialCare,8thMonthInitialCare,9thMonthInitialCare,UnknownInitialCare,NotReportedInitialCare,20-27Weeks,28-31Weeks,32-35Weeks,36Weeks,37-39Weeks,40Weeks,41Weeks,42PlusWeeks,MMR
0,Arizona,2011,15,2537848,296600,700290,662000,231904,204416,637398,864267,1092578,698254,440554,5822460,3253991,946911.3810000002,839529.6780000001,1786441.0590000001,797227.795,85543,711,4014,772,3599,0,84380,679,71480,8295,4825,178,61655,23449,47316,38227,0,0,0,0,0,0,0,0,0,0,0,85543,546,618,3421,3354,54646,18076,4482,321,17.535040856645196
1,Arizona,2012,25,2553059,294816,745004,643127,242829,213104,646268,878718,1118497,704039,417970,5907220,3292568,928504.1759999999,842897.408,1771401.5839999998,786923.752,86441,807,4452,634,3903,0,85177,724,71309,8526,5617,199,62591,23405,47122,39319,0,0,0,0,0,0,0,0,0,0,0,86441,480,688,3476,3290,55425,18265,4441,271,28.921460880832015
2,Arizona,2013,23,2569337,288820,737234,642446,262832,233746,640738,869218,1108640,728202,427141,5938211,3292568,882408.224,892285.9280000001,1774694.152,888993.3600000001,85600,956,4919,604,4791,0,84450,672,70436,8545,5568,235,61799,23347,46725,38875,0,0,0,0,0,0,0,0,0,0,0,85600,437,641,3430,3218,54667,18067,4787,261,26.869158878504674
3,Arizona,2014,24,2598709,293627,770358,604699,268779,269628,636476,864683,1131012,739127,420781,5998781,3388538,999618.71,975898.9440000001,1975517.6539999999,786140.816,86887,1039,6126,341,4567,4675,85628,702,71286,9011,6252,238,62741,24146,47663,39224,1862,8553,34117,20467,8059,4513,2887,2258,1730,794,1627,0,474,664,3440,3206,55382,17920,5388,290,27.62208385604291
4,Arizona,2015,20,2622644,259433,799290,598666,307796,284470,626751,862866,1160736,767700,410515,6079558,3440680,1101017.6,932424.28,2033441.88,870492.04,85351,972,7224,150,5118,4484,84090,716,68443,10016,6551,236,61834,23516,46489,38862,1888,7053,33852,20815,7952,4439,2806,2308,1785,747,1688,0,416,671,3389,3214,54675,17381,5197,286,23.432648709446873
5,Arizona,2016,25,2642005,271431,852613,559128,341113,336075,602802,863846,1177077,818640,410413,6232289,3486843,1007697.627,969342.354,1977039.9810000001,885658.122,84520,975,7188,160,5275,4076,83081,775,66639,10808,6685,310,61297,23220,46467,38053,2041,5683,33533,21208,7760,4402,2915,2313,1885,828,1941,0,452,637,3331,3204,54292,17118,5133,231,29.578797917652626
6,Arizona,2017,24,2666761,241241,950204,558557,357696,377412,565267,862746,1190409,834617,379858,6312462,3528548,1030336.016,1016221.8240000001,2046557.8399999999,935065.2200000001,81872,1064,7114,146,5523,3910,80473,706,63809,11020,6694,253,59884,21986,45160,36604,2365,4854,32382,20823,7643,4272,2851,2222,1814,769,1860,0,437,628,3342,3146,52693,16335,4930,213,29.3140512018761
7,Arizona,2018,24,2714655,209391,986629,562727,407482,417610,569169,845065,1246317,876120,350109,6475866,3606517,1092774.651,1009824.7600000001,2102599.411,930481.386,80723,1133,7785,130,6224,3702,79284,667,63036,10562,6825,220,58521,22199,44427,36180,2268,4429,31699,21335,7490,4175,2731,2380,1950,837,1413,0,446,663,3394,3152,52934,15417,4413,190,29.73130334601043
8,Arizona,2019,32,2744874,204097,1082933,494162,452285,486254,535036,868802,1230985,911036,351544,6613213,3657782,1053441.216,1174148.022,2227589.2380000004,947365.5380000001,79375,1207,7769,116,6357,3526,78020,706,60269,11056,7671,338,57330,22039,43435,35833,2084,3900,30735,20727,7392,4147,2874,2478,2122,931,1972,0,394,648,3279,3091,52862,14868,3998,160,40.31496062992126
9,Arkansas,2011,10,1158087,204404,260833,382842,76684,57930,338160,431653,506985,301859,251477,2811350,1490129,426176.89400000003,464920.248,891097.142,508133.98900000006,38715,694,1582,64,1757,0,38371,319,36466,1464,349,225,25263,13187,21345,17370,0,0,0,0,0,0,0,0,0,0,0,38715,298,421,1798,1628,25691,6923,1648,150,25.82978173834431
10,Arkansas,2012,18,1157837,198192,272941,381076,72207,66130,344952,426461,539791,304472,238303,2845700,1499866,401964.08800000005,526452.966,928417.0540000001,505454.842,38347,643,1579,61,1783,0,37943,384,36007,1614,241,204,24824,13282,21022,17325,0,0,0,0,0,0,0,0,0,0,0,38347,303,380,1802,1492,25922,6600,1592,115,46.939786684747176
11,Arkansas,2013,15,1157833,179022,272085,366766,81367,70018,343185,436428,515418,302745,232906,2800335,1499866,466458.326,511454.30600000004,977912.632,545951.2239999999,37832,648,1459,87,1943,0,37381,396,35607,1545,210,181,24679,12958,20798,17034,0,0,0,0,0,0,0,0,0,0,0,37832,286,376,1682,1470,25333,6625,1738,132,39.64897441319518
12,Arkansas,2014,23,1156087,188349,283876,353904,83365,79090,333765,444546,519459,310422,212512,2809104,1509591,446838.93600000005,543452.76,990291.6959999999,489107.484,38511,656,2055,102,1846,5729,37979,381,35812,1964,186,204,26173,12338,21586,16925,853,1858,10228,9577,4206,2540,1544,1230,675,263,5533,0,261,353,1775,1449,25945,7023,1562,105,59.723195969982605
13,Arkansas,2015,16,1157172,173743,298023,349246,81323,96489,347450,429429,526431,323198,225086,2850623,1514628,484680.96,513458.89199999993,998139.8520000001,574044.012,38886,641,2088,91,2068,5593,38349,362,36089,2141,194,177,26341,12545,21384,17502,943,1510,11069,10149,3867,2232,1469,1324,728,289,5302,0,283,400,1891,1627,26373,6648,1527,109,41.14591369644602
14,Arkansas,2016,17,1157667,163452,321880,326867,100243,95206,327144,426655,532365,324868,215633,2835433,1519466,410255.82,598669.6039999999,1008925.424,537890.9639999999,38274,694,2109,132,2007,5224,37753,349,35378,2217,169,236,25919,12354,21238,17036,1047,1738,11414,9954,3430,2083,1490,1522,824,298,4471,0,276,422,1763,1687,25821,6806,1397,70,44.4165752207765
15,Arkansas,2017,14,1158176,162598,325803,319817,129558,97778,319538,421691,537234,341174,203447,2859016,1524597,439083.93600000005,570199.278,1009283.214,547330.323,37520,824,2160,251,2106,5042,37098,292,34484,2414,158,259,24949,12565,20441,17072,1237,2447,12179,10275,3599,2025,1372,1314,729,269,2073,0,270,386,1886,1709,25585,6271,1315,65,37.3134328358209
16,Arkansas,2018,23,1157254,150679,363806,323392,124506,116732,309314,427651,524416,327871,201406,2866155,1537145,451920.62999999995,605635.1299999999,1057555.76,513406.42999999993,37018,827,2222,80,2494,4959,36580,326,33981,2376,161,269,24138,12876,20217,16795,924,958,13474,11396,3809,2160,1435,1325,779,316,437,0,256,378,1929,1726,25498,5943,1163,89,62.131935815008916
17,Arkansas,2019,14,1154035,149858,373228,320698,126704,126009,316101,393263,540701,354518,178210,2880473,1543099,450584.908,601808.61,1052393.5180000002,526196.7590000001,36564,892,2423,77,2838,4372,36169,326,33434,2594,164,162,23958,12604,19451,17107,790,794,14242,10970,3586,2040,1409,1202,864,283,381,0,270,405,1885,1784,25723,5487,923,62,38.28902745870255
18,California,2011,71,15226099,1507416,4675153,3053407,2086932,2223573,2792475,3850510,5230816,3802192,1765309,30996671,18941220,5398247.699999999,4640598.9,10038846.6,3807185.22,502120,3162,24022,525,13255,11092,497952,3054,435228,18664,41790,4214,335455,166661,299431,202689,2406,48866,208020,145806,40655,18917,10967,6873,4802,2345,12161,0,2593,3894,19099,16970,301519,118645,35496,2726,14.140046204094638
19,California,2012,81,15298897,1501079,4766590,2962109,2145546,2353866,2747100,3834899,5294658,3826308,1800515,31209415,19123657,5698849.785999999,4551430.366,10250280.152,4035091.6270000003,503755,3460,27914,566,14672,10297,499308,3353,434627,19581,42515,4500,336388,167365,301729,202026,2589,46773,212551,145865,39478,18547,10984,6877,4913,2509,12388,0,2553,3900,18915,16981,304652,118145,34951,2517,16.079244871018652
20,California,2013,77,15361126,1461289,4821960,2879054,2246706,2673257,2748618,3776083,5238686,3844184,1776281,31461498,19123657,5679726.129,4417564.767,10097290.896,4168957.226,494705,3659,29054,437,16319,9768,489897,3527,421892,22256,43126,4717,330328,164375,298406,196299,2903,46209,216004,139672,36975,17936,10546,7102,5116,2447,9607,0,2710,3679,18725,16368,298880,115057,35828,2546,15.56483156628698
21,California,2014,88,15514394,1443038,5008560,2760463,2425581,2848850,2711437,3713402,5208118,3909243,1698211,31756439,19538043,5392499.868000001,4962662.922,10355162.790000001,4493749.890000001,502879,3820,31762,382,18375,9199,497809,3624,426346,23968,45025,4542,338405,164472,307919,194960,3176,66922,242983,108374,31914,16467,10165,7704,5348,1675,8125,0,2645,3855,18703,16299,305140,116306,36729,2416,17.499239379651964
22,California,2015,84,15584046,1373602,5157870,2724273,2593736,3144618,2631969,3662726,5231525,4005584,1611575,32135007,19704260,5950686.52,4669909.62,10620596.14,3999964.7800000003,491748,3800,31162,339,18586,8397,486454,3709,411164,25030,47642,4756,333102,158646,300758,190990,3173,62219,238708,108562,31674,15551,9503,7426,5431,1808,7676,0,2493,3789,18825,16389,297611,113653,36237,2116,17.08192000780888
23,California,2016,91,15564462,1291750,5297400,2586920,2741018,3576963,2471113,3572896,5198219,3993800,1568435,32295249,19758786,5828841.87,4979214.072,10808055.942000002,4406209.278,488827,4157,31869,389,19219,7741,483521,3553,405221,26864,48898,4684,332874,155952,301976,186851,3528,60763,239529,108621,30173,14702,8892,7094,5812,1709,7990,0,2405,3725,19064,16807,297339,111602,35499,1881,18.61599297911122
24,California,2017,89,15622590,1234297,5562305,2395210,2927649,3936851,2360504,3425454,5115669,4023455,1475744,32457159,19886602,5886434.192000001,5130743.316000001,11017177.508000001,4196073.022000001,471658,4554,33403,422,21058,6753,466260,3520,386654,27423,49512,4761,323580,148077,686,435,3999,57408,234426,105285,28825,13962,8545,6519,5286,1736,5642,0,2308,3601,18172,16736,287098,106574,35042,1716,18.869604671181236
25,California,2018,81,15555212,1116031,5639060,2267689,3097860,4402563,2249840,3291471,5008513,4029671,1499951,32602667,19883492,6044581.568,5090173.9520000005,11134755.520000001,4473785.7,454920,4955,34335,420,22716,6025,449929,3269,368707,27962,50535,4281,314452,140464,0,0,3754,52655,229779,103387,27036,13233,7862,6154,4950,1592,4494,0,2298,3510,18019,16057,278659,101541,33103,1404,17.80532840939066
26,California,2019,70,15468016,1071901,5882065,2017064,3275611,4894332,2126859,3131890,4918444,4128858,1343251,32805932,19871429,6021042.987,5564000.12,11585043.106999999,4828757.2469999995,446479,5350,35899,397,25353,4935,441421,3081,356285,32676,51329,2759,309137,137337,0,0,3416,47876,222516,107547,26980,12667,7466,6046,4954,1575,5415,0,2225,3823,17426,16388,277906,97216,30007,1187,15.6782289872536
27,Florida,2011,50,7346733,989228,1885796,2115148,650108,659240,2068767,2609895,3264206,1972217,1306702,17505621,9736393,2959863.472,2492516.608,5452380.08,2843026.756,213414,3206,12353,225,10604,14226,210323,1474,175296,11576,23008,1139,131961,81345,111869,101545,2584,21150,71112,58216,23225,11810,7027,4430,2950,1179,9617,0,1665,2085,9784,8404,140112,41575,8927,422,23.428641045104822
28,Florida,2012,64,7406212,970206,1976087,2103718,660267,722771,2058077,2668916,3257401,2008798,1289244,17715506,9876567,3081488.904,2360499.513,5441988.416999999,2577783.987,213148,3148,12192,218,11231,14129,209779,1619,175539,11486,22453,1068,131816,81230,110987,102161,2879,20003,71301,59291,23608,12070,7170,4774,3336,1354,7201,0,1616,2111,9613,8392,140284,41397,9024,410,30.02608516148404
29,Florida,2013,83,7450570,931663,2003312,2017311,698138,781962,2012841,2674850,3312520,2032965,1299181,17757551,9876567,2962970.1,2498771.451,5461741.550999999,2962970.1,215407,3104,11464,222,11246,14145,211754,1734,177686,11050,22416,1379,134062,81237,112021,103386,2850,21434,70198,60557,24234,11968,6979,4756,3370,1489,7419,0,1578,2089,9565,8275,141088,42608,9444,434,38.53170974016629
30,Florida,2014,62,7550538,884456,2156175,2014485,760907,822691,2008412,2680843,3379062,2065011,1265445,18036195,10171069,3000465.355,2705504.3540000003,5705969.709000001,2705504.3540000003,219991,3001,11411,204,11064,14064,216171,1891,180951,11702,22968,1408,138230,81707,114569,105422,2918,27763,76291,55363,21079,11121,6557,4993,3548,1096,9256,0,1664,2273,9589,8249,142589,44358,10628,488,28.18297112154588
31,Florida,2015,68,7660309,850174,2227680,2006932,856648,916783,1976589,2672783,3449771,2219019,1210457,18371144,10380034,3321610.88,2688428.806,6010039.686,2792229.1459999997,224269,2998,11376,232,11488,12970,220304,1967,183536,11786,24392,1523,140458,83715,117144,107125,3119,26484,78145,56778,20841,10879,6821,5215,3819,1110,11040,0,1686,2205,10024,8399,145483,44421,11331,531,30.320730907972123
32,Florida,2016,50,7739219,829507,2367247,1891925,893598,1019870,1956362,2703709,3504473,2288954,1180971,18660706,10541579,3173015.279,2804060.014,5977075.2930000005,3404930.0169999995,225022,3315,12139,216,12336,11454,221044,2052,184999,12097,23389,1491,140715,84204,119485,105537,3974,24524,77031,56992,20879,11178,6739,5334,3806,1197,13360,0,1623,2174,10216,8719,146847,43586,11186,480,22.220049595150698
33,Florida,2017,48,7857243,794844,2509127,1844915,1009075,1144671,1882074,2720442,3510945,2392763,1162937,18968223,10730133,3304880.964,2929326.3090000004,6234207.273,3358531.629,223630,3493,13586,229,13321,10639,219587,2020,182735,11761,24699,1347,140410,83124,118553,105023,4897,22641,75026,57135,20950,11409,6979,5563,4123,1295,13603,0,1566,2291,10127,8798,145979,43019,11206,456,21.464025399096723
34,Florida,2018,54,7936419,768734,2732336,1781126,1101870,1288122,1848899,2613045,3560313,2443617,1112810,19256774,10894649,3355551.892,3290183.9979999997,6645735.89,3203026.806,221542,3950,15228,283,16033,9836,217526,2081,178674,12729,25780,1295,139876,81550,118750,102751,4499,19294,72889,60421,21678,11489,7342,5811,4651,1479,11978,0,1623,2119,10109,8788,146251,41014,11028,443,24.374610683301587
35,Florida,2019,69,7955411,695935,2914163,1607892,1205652,1465698,1764630,2561701,3636072,2597346,1035580,19481869,10979732,3568412.9,2986487.1040000003,6554900.004,2986487.1040000003,220002,4278,16036,294,16935,9011,216112,2052,173982,13338,28285,1453,139533,80321,117419,102543,4699,19653,70019,60880,21281,11406,7229,5974,4905,1522,12425,0,1608,2154,10347,9162,146842,39571,9774,368,31.363351242261434
36,Georgia,2011,48,4060540,476730,1035738,968016,361832,329303,909737,1239514,1616045,997778,721660,8656782,5006214,1421764.7759999998,1466820.7019999998,2888585.478,1486845.558,132409,1777,5024,222,5414,266,131672,520,107448,2525,20634,1669,87732,44433,72240,60169,2462,10514,37277,31213,12101,6476,4120,2725,1861,859,22705,0,1086,1438,6227,5659,86357,25007,5739,289,36.251312221978864
37,Georgia,2012,40,4088762,468991,1063895,950663,391423,395522,912160,1206481,1615464,1042929,711653,8759202,5068892,1515598.7079999999,1546012.06,3061610.7679999997,1302705.244,130280,1964,5600,273,5726,7872,129440,592,104801,3078,20062,2229,86109,44005,71432,58848,2177,10734,39187,32570,12363,6380,3931,2731,1869,855,17378,0,1061,1308,6185,5526,85172,24473,5650,271,30.703101013202335
38,Georgia,2013,82,4104633,438661,1090059,934864,404140,393574,927969,1203972,1592566,1073735,706356,8766634,5068892,1510529.8159999999,1596700.98,3107230.796,1576425.412,128748,2104,5824,268,6159,7753,127857,663,103783,2675,17958,3483,84589,43920,70301,58447,2705,10866,38605,30582,11166,5926,3642,2513,1898,828,19942,0,1113,1445,5985,5057,83734,24583,5857,325,63.6903097523845
39,Georgia,2014,104,4136909,437876,1107600,927743,440899,442695,897295,1253591,1610590,1099002,654938,8867075,5175404,1469814.7359999998,1676830.896,3146645.6319999998,1335254.232,130946,2372,5987,213,6305,7825,130025,662,108091,2723,17238,2351,86473,44242,71531,59415,3283,12504,40757,27087,10104,5508,3386,2654,1784,675,23197,0,1086,1422,6298,5185,85387,24927,6041,351,79.4220518381623
40,Georgia,2015,98,4173594,433068,1235222,901071,481934,474059,890232,1237314,1669786,1103518,633496,9063223,5239402,1425117.344,1692326.8459999997,3117444.19,1550862.9920000003,131404,2573,6194,181,6956,7452,130407,737,107151,3004,16299,4220,87116,44129,72017,59387,3662,12666,42598,29271,10061,5542,3595,2824,1952,685,18540,0,1178,1331,6207,5359,85987,24994,5941,294,74.57916045173663
41,Georgia,2016,73,4200628,402719,1277099,856441,510864,553737,853446,1205013,1691125,1170970,602621,9120366,5292221,1524159.6480000003,1751725.151,3275884.7990000006,1598250.7419999999,130042,2701,7205,185,7810,6848,129019,765,106264,3370,17248,2537,85936,43935,71647,58395,4261,13433,46361,32711,11129,6012,3827,3028,2103,776,6394,0,1163,1439,6214,5704,85167,24135,5778,316,56.13571000138417
42,Georgia,2017,74,4234912,375896,1373257,840438,569295,609907,849249,1199743,1680559,1206056,567732,9278903,5358658,1495065.582,1800509.0880000002,3295574.67,1762998.4819999998,129243,2807,7729,250,8192,6172,128061,822,105320,3370,17649,2470,84964,44098,71166,58060,4900,13940,48021,32978,11442,6052,3762,2876,2201,762,2297,0,1112,1463,6387,5736,84819,23780,5571,258,57.25648584449448
43,Georgia,2018,62,4258098,338209,1454588,802853,620344,719940,836582,1159215,1659404,1210341,585887,9389399,5399185,1673747.35,1797928.6049999997,3471675.955,1581961.2049999998,126172,2736,7423,274,8533,5506,124973,792,103408,2920,16823,2603,83218,42851,69192,56966,5115,14257,46208,31316,11268,5918,3590,2832,2019,789,2851,0,1085,1395,6434,5536,83338,22841,5196,251,49.13927020258061
44,Georgia,2019,64,4280026,351980,1528091,755501,670610,787916,794467,1126919,1729737,1257098,509423,9507912,5447297,1606952.615,1830291.7920000001,3437244.407,1612399.9120000002,126371,2984,8119,286,9052,5219,125133,744,102656,3355,17280,2746,82899,43360,68700,57656,5282,14043,46811,32084,10759,5702,3575,2773,1867,828,2637,0,1058,1375,6427,5841,84934,21705,4702,231,50.64453078633547
45,Illinois,2011,45,5202335,510231,1662240,1183638,642740,638180,1103230,1510381,2187978,1538764,770362,11743659,6559951,1915505.6919999998,1738387.0150000001,3653892.7070000004,1764626.8189999997,161312,2229,10428,214,7802,12099,160475,731,141580,8838,9030,946,110139,51066,96811,64501,2057,9493,56380,55071,17255,7566,4309,2739,1826,787,3732,0,1234,1560,7418,6028,100151,35974,8309,337,27.896250743900023
46,Illinois,2012,35,5183306,508855,1760329,1103664,678962,687302,1082121,1513674,2133231,1604451,765915,11829817,6558602,1954463.396,1836408.5600000003,3790871.956,1534712.868,159160,2275,10834,190,7602,11282,158292,757,139172,9298,9437,924,108193,50761,94863,64297,1785,9059,55222,54571,16570,7382,4337,2798,1874,808,4628,0,1154,1536,6999,6103,99525,34501,8073,331,21.990449861774316
47,Illinois,2013,27,5168870,486479,1797066,1061482,709263,754891,1076230,1493784,2137827,1558602,790013,11866486,6558602,1961021.998,2000373.6099999999,3961395.608,1751146.7340000002,156931,2289,11163,170,8061,10962,155937,851,137412,8607,9792,872,106922,49673,93599,63332,1494,9120,55207,53168,15757,7212,4245,2816,1873,816,5113,0,1109,1510,7059,5864,98757,33723,8332,323,17.205013668427526
48,Illinois,2014,32,5154130,473259,1823740,1049935,771292,780122,1029209,1461162,2110274,1574989,744909,11814140,6559975,1876152.8500000003,2013912.325,3890065.175,1685913.575,158556,2547,10938,157,8675,10676,157513,899,137907,9031,10354,1058,108903,49485,95001,63555,1687,11386,66966,44936,13341,6521,3991,2893,1892,621,4315,0,1215,1528,7174,6021,99577,33387,9130,375,20.18214384823028
49,Illinois,2015,40,5123021,446680,1894863,1036990,816222,866673,1012622,1440569,2081535,1577748,701478,11874586,6549560,1801129.0000000002,2089309.6400000001,3890438.6399999997,1670137.8,158116,2809,11776,178,9844,10355,157174,815,137214,9721,10113,950,109101,48909,94169,63947,1956,8033,65106,45965,13640,6952,4165,3215,2167,738,6173,0,1108,1580,7084,6180,100073,32801,8740,361,25.297882567229124
50,Illinois,2016,28,5072715,447019,1957468,998618,863944,924761,976016,1409383,2020516,1590882,723974,11910878,6511815,1790749.1250000002,2018662.65,3809411.775,1706095.53,154445,3053,11609,233,10543,9891,153482,840,132457,10487,10454,870,106418,47965,93153,61292,2052,6300,63046,45872,13342,6957,4374,3447,2314,766,5966,0,1110,1563,7105,6082,98911,31036,8160,298,18.129431189096444
51,Illinois,2017,39,5033620,422324,1989617,945729,909776,1007625,932581,1351105,2059198,1589402,694330,11894621,6507123,2017208.13,1984672.515,4001880.645,1678837.734,149390,3267,12117,292,10914,9466,148469,784,126309,10636,11303,879,102852,46467,89978,59396,2069,5342,59915,44710,12995,6909,4303,3313,2341,888,6595,0,978,1408,6995,6080,96191,29496,7796,278,26.10616507128991
52,Illinois,2018,22,4986125,400363,2035237,942139,974302,1126248,948836,1338377,2048927,1553115,662962,12022819,6475018,1858330.166,2149705.9760000003,4008036.1420000005,1748254.86,144815,3548,12149,228,12046,8623,143825,855,121526,10645,11487,922,99664,45099,87845,56946,2071,5146,58148,44240,12184,6386,4028,3282,2264,755,6303,0,985,1326,7001,6043,95103,27391,6561,236,15.19179642992784
53,Illinois,2019,20,4931908,379601,2184731,853074,1038825,1224134,877240,1297771,1939036,1572579,615596,11983413,6454516,1852446.092,2078354.152,3930800.2440000004,1729810.2880000002,140128,3733,12744,192,12942,7409,139203,819,115935,10994,12156,925,97172,42925,84773,55336,1783,4774,56362,44802,12009,6364,4111,3018,2137,708,4054,0,876,1323,6629,6088,95281,24505,5107,197,14.272664992007309
54,Indiana,2011,43,2608915,331400,705289,661957,181312,162087,687496,915426,1270680,799329,432572,6151256,3310492,983216.124,1019631.536,2002847.66,969974.156,83701,1097,5707,138,4628,13900,81850,1365,73067,3961,5335,861,58087,25576,47927,35774,1021,2283,22874,31824,11965,5609,3423,2203,1346,648,407,0,550,788,3710,3245,51053,18668,4965,581,51.37334082030083
55,Indiana,2012,36,2605419,303669,735727,668394,206355,168478,682596,966870,1232110,820061,408672,6189260,3320189,929652.92,1025938.401,1955591.321,909731.7859999998,83227,1127,5535,150,4775,13755,81382,1307,73053,3889,5128,740,57615,25583,47279,35948,1024,2276,22717,31933,11663,5601,3341,2150,1431,648,363,0,489,710,3641,3110,51374,18298,4942,536,43.25519362706814
56,Indiana,2013,35,2611163,297459,757664,661994,211756,187491,674681,942933,1227817,832682,429670,6222994,3320189,982775.9440000001,1082381.614,2065157.558,1098982.5590000001,83102,1196,5124,166,4411,13030,81172,1376,72806,3755,5298,761,57750,25334,47125,35977,1024,2095,22076,32038,11890,5782,3387,2203,1477,698,331,0,551,750,3493,3149,51295,18230,4884,653,42.11691656037159
57,Indiana,2014,38,2611421,284892,782348,634259,231776,203286,662477,940540,1273758,834293,379290,6224873,3352876,979039.7919999999,1106449.08,2085488.872,942158.1560000001,84080,1223,5217,147,4897,12672,82118,1385,73677,3907,5111,801,58596,25464,47671,36409,1245,2920,28648,28613,10084,5259,3027,2207,1364,488,216,0,504,769,3655,3176,51695,18197,5348,674,45.195052331113224
58,Indiana,2015,46,2609926,267963,831956,619529,255864,237680,658640,927791,1233302,848940,362623,6243844,3366591,1003244.1179999999,1033543.437,2036787.555,1043643.21,84040,1233,5387,154,5242,12014,81963,1481,73172,4092,5278,825,59157,24873,47691,36349,1079,3134,28655,29804,9706,4890,2844,1937,1337,460,188,0,516,792,3532,3180,52018,18151,5258,534,54.735840076154204
59,Indiana,2016,50,2601446,261159,871593,593507,298523,250387,618473,896523,1270232,869743,367459,6291795,3365716,1023177.664,1097223.416,2120401.08,959229.0599999999,83091,1271,5880,154,5650,11212,80989,1367,71738,4388,5349,931,58310,24762,47643,35448,1128,2926,27491,30758,9452,4699,2603,1988,1381,464,191,0,572,795,3592,3290,51504,17559,5196,525,60.174988867627064
60,Indiana,2017,40,2600916,257797,934195,572495,324364,282313,599371,866960,1251087,893148,363158,6347371,3380666,980393.1399999999,1139284.442,2119677.582,1068290.456,82170,1521,6061,135,6161,11098,80067,1354,71066,4254,5137,960,57725,24431,47022,35142,1229,2242,26678,31012,9547,4606,2743,2001,1387,511,206,0,504,746,3555,3247,51863,16929,4788,483,48.67956675185591
61,Indiana,2018,23,2598777,247265,980209,570527,340301,285865,593592,872975,1262931,943609,346823,6446615,3395905,974624.7349999999,1161399.51,2136024.245,1032355.12,81646,1622,6312,127,6812,10312,79506,1255,70078,4743,5132,656,57290,24344,46336,35303,1228,2023,25936,31318,9483,4637,2788,2091,1354,566,213,0,538,728,3701,3343,52092,16520,4271,389,28.170394140558017
62,Indiana,2019,33,2603063,221771,1047368,532051,390490,342214,578938,842883,1252629,881331,328430,6416903,3412312,982745.8560000001,1218195.384,2200941.24,1091939.84,80859,1934,6762,104,7368,9430,78743,1160,69009,5109,5033,698,57178,23667,45672,35180,1259,1990,26322,30945,9382,4335,2603,1939,1348,552,177,0,477,709,3783,3203,53888,14983,3451,307,40.811783474937855
63,Maryland,2011,24,2409500,171834,987426,357712,467090,470549,373656,550595,913482,716351,249994,5264250,3008077,899415.0229999999,839253.4829999999,1738668.5059999998,836245.4060000001,73093,1584,4049,440,3188,5458,72296,466,64660,1972,5211,658,47579,25393,43002,30091,1584,1791,19011,24244,8689,4500,2727,1962,1331,666,6522,0,663,751,3233,2782,43467,16509,5152,278,32.834881589208265
64,Maryland,2012,20,2418372,172497,1015341,351972,503907,494482,352752,566221,911886,714822,248645,5333563,3035272,916652.144,871123.0639999999,1787775.2079999999,780064.904,72883,1763,4339,444,3230,5360,72057,400,63586,2000,6056,733,47265,25421,43179,29704,1565,1972,19813,25913,9041,4520,2848,2021,1591,803,2697,0,587,800,3213,2820,43936,16031,5042,228,27.441241441762827
65,Maryland,2013,15,2420425,153600,1011793,337849,489663,539775,365526,540437,906588,739127,259630,5345754,3035272,937899.048,874158.3360000001,1812057.3839999998,822558.712,71953,2132,4530,460,3325,5324,71154,390,61771,2091,6990,763,46570,25224,42908,29045,1523,1388,19366,23987,8558,4245,2747,2002,1635,868,5560,0,585,696,3098,2631,43667,15821,4992,225,20.84694175364474
66,Maryland,2014,22,2430188,153873,1021840,321031,538453,550525,365786,558721,883050,716863,242773,5352934,3080374,927192.574,964157.062,1891349.6360000004,733129.0120000001,73921,2103,5113,435,3911,5107,73118,375,63587,2050,7377,462,48042,25746,44549,29372,1249,1771,25270,21310,7589,4055,2619,2058,1667,837,5475,0,572,731,3323,2790,44272,16517,5418,209,29.76150214418095
67,Maryland,2015,16,2431264,148335,1034666,315190,563471,584953,358898,534564,893527,731935,229876,5398335,3094053,962250.483,922027.794,1884278.2770000002,804453.78,73616,2205,5575,281,4491,4758,72751,428,62586,1999,7846,781,47859,25664,44094,29522,1210,1517,25603,21554,7498,4051,2598,2071,1606,786,5111,0,578,730,3204,2821,44396,16233,5321,237,21.734405564007826
68,Maryland,2016,13,2423578,135162,1061389,314340,569143,648419,335335,516541,862144,739690,244839,5429216,3098674,873826.068,976082.31,1849908.378,814951.262,73136,2120,5599,215,4548,4299,72272,465,61835,2422,8253,466,48467,24606,44130,29006,1013,1704,25596,21744,7314,3960,2474,2020,1581,713,5009,0,550,751,3167,2895,44322,15889,5289,180,17.775103915992123
69,Maryland,2017,25,2424859,138722,1076672,296246,605799,699753,346564,524549,839763,716565,227378,5466983,3116355,909975.6599999999,1006582.6649999998,1916558.325,866346.6900000001,71641,2115,6021,145,5112,3932,70717,515,60107,2580,8219,570,47340,24244,43276,28352,830,1867,26620,21888,7159,3759,2287,1869,1411,561,3376,0,581,767,3213,2880,43661,14924,5335,181,34.896218645747545
70,Maryland,2018,17,2406718,138446,1078810,290166,607974,781279,304027,509353,833716,726345,227153,5501303,3112368,936822.7679999999,1030193.8080000001,1967016.5760000001,781204.368,71080,2218,5951,136,5198,3719,70127,521,59165,2529,8487,744,47008,24058,43174,27895,900,1690,26032,22837,6963,3537,2244,1597,1410,550,3308,0,549,721,3194,2729,43627,14888,5128,160,23.916713562183453
71,Maryland,2019,22,2394913,124856,1110411,270565,622677,844356,309747,464170,807916,716029,231115,5504853,3117667,891652.7620000001,1075595.115,1967247.877,776299.083,70178,2189,5898,161,5392,3281,69214,533,58429,2273,8523,761,47041,23124,41762,28398,1063,1612,25309,23060,6792,3513,2057,1748,1325,574,3109,0,488,704,3193,2793,44232,14044,4483,160,31.348855766764515
72,Michigan,2011,33,3957642,510676,1125998,1051637,360938,299565,1001409,1355338,1777371,1172827,711613,9362320,5027510,1523335.53,1543445.57,3066781.1,1256877.5,114008,1541,6957,0,5544,0,112905,924,86207,19892,7156,339,76571,37404,65770,48238,1262,8236,38256,39906,11491,5086,2915,1866,1213,544,3162,0,811,1118,5097,4265,66581,26976,8459,520,28.94533716932145
73,Michigan,2012,29,3938508,488186,1160936,1027260,376481,323611,1005970,1372802,1808486,1182885,715238,9460051,5031931,1489451.5760000001,1539770.886,3029222.462,1263014.681,113091,1676,7210,0,5589,0,111877,1036,84573,20389,7275,350,76197,36867,65296,47795,1251,8898,37577,38961,11208,5138,3093,1963,1311,584,3022,0,853,1125,5093,4271,66905,25721,8405,536,25.643066203322988
74,Michigan,2013,35,3922571,462377,1200375,981159,404848,353353,998723,1363075,1803184,1200571,703237,9474755,5031931,1474355.7829999998,1605185.989,3079541.772,1257982.75,113489,1722,6638,0,5743,0,112342,1019,84034,21033,7411,440,76511,36951,65360,48129,1524,8347,36863,39310,11721,5270,3171,2227,1422,621,2915,0,866,1165,4912,4032,67231,25804,8842,463,30.83999330331574
75,Michigan,2014,29,3907979,446057,1250289,970897,434236,389467,976993,1347231,1809499,1209547,648522,9484109,5044620,1473029.0399999998,1543653.72,3016682.76,1372136.6400000001,114375,1533,6542,165,5882,15129,112973,1231,83077,22282,7759,458,76874,37480,66558,47817,1479,9917,43822,34647,10235,4956,2984,2111,1313,482,2424,0,793,1088,5130,4076,67101,26401,9180,499,25.3551912568306
76,Michigan,2015,27,3890678,428048,1296658,939204,475824,425535,951636,1337675,1822829,1226212,637048,9538867,5045509,1503561.682,1543925.754,3047487.4360000007,1372378.448,113312,1607,6687,120,6750,13859,111828,1306,81934,22198,7772,577,77094,36196,65780,47532,1521,9733,43887,33962,9925,4814,2786,1971,1367,503,2829,0,803,1095,5048,4189,66719,25655,9195,498,23.8280146851172
77,Michigan,2016,40,3867723,415629,1385941,915906,507140,488714,926892,1302825,1794384,1241195,610500,9587740,5045080,1508478.92,1644696.08,3153175.0,1296585.56,113315,1768,6935,122,7370,13126,111754,1388,81472,22011,8264,588,77065,36227,66815,46500,1599,9578,43719,34529,9620,4737,2747,1949,1223,416,3190,0,788,1092,5124,4427,67267,25028,9034,457,35.29982791333892
78,Michigan,2017,24,3855050,391374,1448063,871644,564977,529457,893365,1331081,1809242,1294796,578622,9716784,5055069,1511465.631,1678282.908,3189748.539,1465970.01,111426,1843,7246,88,7876,12453,109884,1375,78823,22089,8841,644,75803,35583,65640,45775,1775,9058,42928,34896,9048,4317,2544,1879,1183,391,3395,0,798,1040,5110,4393,66799,24226,8529,426,21.53895859135211
79,Michigan,2018,32,3845165,385462,1494354,831178,611577,576420,881137,1277144,1813970,1314430,583081,9764402,5069099,1470038.71,1753908.2540000002,3223946.964,1317965.74,110032,2072,7421,81,8616,11523,108403,1487,77025,22201,9115,689,74641,35365,65136,44882,1445,8305,42289,34916,9492,4315,2698,2027,1233,445,2857,0,671,952,5069,4284,67027,23295,8227,395,29.08244874218409
80,Michigan,2019,34,3817169,348584,1552373,781371,651307,637574,872790,1239462,1815085,1345063,525295,9764951,5070952,1531427.504,1881323.192,3412750.6959999995,1313376.568,107886,2291,7583,77,9541,11113,106215,1534,75160,21627,9525,760,73345,34512,63667,44205,1531,8158,41628,34337,8744,4145,2698,2005,1539,513,2582,0,749,990,5064,4209,67445,22092,6904,326,31.514747047809724
81,Missouri,2011,17,2392894,313462,655220,658807,211859,179444,649768,888762,1122383,725115,422163,5826952,3064932,913349.7359999999,940934.124,1854283.8599999999,879635.4839999999,76117,1234,4360,331,3831,13799,74912,989,62552,10120,2472,396,51855,23775,45609,30508,791,3236,28662,23236,7662,3777,2180,1292,818,351,4063,0,447,707,3161,2914,48323,15916,3805,275,22.334038388270688
82,Missouri,2012,34,2386342,334393,661712,652169,214863,180529,658011,859622,1133355,721805,426669,5842473,3068397,945066.276,908245.5120000001,1853311.7880000002,843809.175,75446,1417,4510,409,4166,13520,74023,1151,61589,10286,2329,406,51126,23851,45143,30303,723,3168,27960,22946,7550,3880,2212,1373,905,400,4292,0,494,710,3175,3006,48108,15577,3676,289,45.06534474988734
83,Missouri,2013,30,2385487,310382,684789,633681,235488,200989,634608,872417,1155689,720071,414215,5859689,3068397,868356.3510000001,926655.894,1795012.2449999999,877561.5420000001,75296,1414,4346,324,4325,13162,73791,1094,61283,10361,2489,387,51672,23331,44924,30372,817,3002,27946,23083,7590,3883,2271,1511,1023,528,3562,0,471,656,3258,2779,47576,16019,3811,301,39.84275393115173
84,Missouri,2014,34,2383585,288946,720580,598791,246766,213183,632628,833501,1135003,748956,413881,5834333,3093076,903178.1919999999,934108.9519999999,1837287.1439999999,828944.368,75360,1388,4496,319,4608,12475,73711,1143,60281,11242,2552,502,52482,22635,45068,30292,913,4640,32298,18605,6685,3776,2353,1657,1057,391,2970,0,464,659,3357,2832,47708,15878,4040,297,45.11677282377919
85,Missouri,2015,33,2381059,284311,784563,596569,263346,242186,617954,842696,1130093,759844,360092,5885374,3100027,883507.695,967208.424,1850716.119,843207.344,75061,1580,4748,383,5264,11810,73416,1131,59583,11540,2519,613,52211,22739,44716,30345,788,3837,31346,20328,6639,3812,2270,1532,980,385,3130,0,491,725,3346,2912,47489,15789,3898,282,43.96424241616818
86,Missouri,2016,27,2371098,268730,803751,562738,290650,264706,592092,838377,1133831,783561,347269,5883515,3098349,879931.1159999999,972881.586,1852812.7019999998,802472.3910000001,74705,1706,5186,493,5502,11294,72969,1179,58931,11414,2956,514,52109,22520,44952,29753,906,2534,29711,22561,6493,3412,2116,1505,1040,329,4088,0,488,684,3412,2967,47514,15397,3814,277,36.14215915936015
87,Missouri,2017,28,2365964,245920,854106,566817,306338,284419,562230,826921,1128183,797544,334041,5908532,3110838,930140.5619999999,1042130.7300000001,1972271.2920000001,930140.5619999999,73034,1960,5531,515,5815,10457,71312,1164,56683,11838,3231,422,50895,21920,43866,29156,943,2044,28260,22293,6695,3510,2010,1550,1004,367,4355,0,486,703,3424,3065,46761,14653,3570,262,38.3383081852288
88,Missouri,2018,24,2360212,255454,876443,545645,327564,343161,589913,839881,1124709,799449,332019,6029114,3123287,808931.333,1115013.459,1923944.792,887013.5079999999,73269,2045,5749,417,5993,9985,71457,1183,56484,12033,3456,360,51194,21906,43748,29511,1210,1972,28169,22220,6811,3557,2256,1620,1166,457,3823,0,437,720,3546,3119,48395,13688,3031,235,32.756008680342305
89,Missouri,2019,16,2353586,238596,960984,525844,363358,354189,531983,797378,1141195,831015,334738,6077228,3129259,873063.2609999999,1082723.614,1955786.875,988845.844,72127,2264,6055,463,6256,9144,70422,1071,55077,12165,3675,282,50370,21646,42995,29122,1657,1768,28411,22542,6417,3467,2183,1596,1181,534,2359,0,466,700,3484,3159,48994,12430,2553,223,22.18309370970649
90,New Jersey,2011,48,3556262,274597,1428258,627509,693199,749883,600129,850507,1278804,1049888,391342,7942575,4522613,1379396.965,985929.634,2365326.599,1297989.9309999999,105883,1535,6069,56,2836,0,105409,336,87664,10281,7564,217,63752,40990,67916,37967,0,0,0,0,0,0,0,0,0,0,0,105883,785,1042,4760,3870,63088,25044,6865,369,45.33305629798929
91,New Jersey,2012,36,3558973,279625,1445801,577247,756042,778774,608265,827585,1283801,1055242,401968,8023616,4543154,1362946.2,1040382.266,2403328.466,1226651.58,104230,1484,6920,87,2590,0,103765,336,86793,9811,7191,238,63200,39968,66585,37645,0,0,0,0,0,0,0,0,0,0,0,104230,743,974,4508,3866,62970,24243,6532,323,34.539000287825004
92,New Jersey,2013,57,3555129,285781,1425496,595690,724467,872480,556604,820774,1265553,1020736,392543,7961751,4543154,1353859.892,1131245.346,2485105.2380000004,1367489.354,102575,1511,6643,101,2720,0,102101,349,85315,9429,7437,226,62664,39098,66065,36510,0,0,0,0,0,0,0,0,0,0,0,102575,687,974,4561,3689,61540,23905,6826,316,55.569095783573
93,New Jersey,2014,55,3560520,257326,1461732,573325,762370,933623,562252,804845,1247973,998595,394889,7997568,4574784,1377009.984,1157420.352,2534430.336,1207742.976,103305,1625,7312,104,2853,0,102796,381,84741,10873,7032,388,64161,38343,66659,36646,0,0,0,0,0,0,0,0,0,0,0,103305,662,974,4496,3728,61724,24096,7256,318,53.240404627075165
94,New Jersey,2015,39,3556365,248616,1457589,583406,768807,983381,571383,796091,1212298,995123,395038,8007987,4583121,1466598.72,1086199.677,2552798.3970000003,1347437.574,103127,1705,7894,148,4007,0,102619,394,83636,11567,6919,805,64914,37874,66912,36215,0,0,0,0,0,0,0,0,0,0,0,103127,650,955,4660,3774,62249,23275,7182,322,37.81744838887973
95,New Jersey,2016,43,3536519,256542,1467344,547774,818256,1082491,542763,763501,1180844,989792,366580,8012712,4574258,1363128.8839999998,1171010.048,2534138.932,1477485.3339999998,102647,1769,8557,154,4807,3952,102122,404,82608,11260,7593,977,65430,37164,67143,35504,1628,4344,38070,34653,10002,4862,2977,2203,1506,475,1919,0,616,955,4526,4005,62927,22414,6853,287,41.89114148489483
96,New Jersey,2017,44,3543930,226658,1509794,509198,845738,1181743,525067,736658,1168024,1015263,372891,8091725,4608796,1387247.596,1161416.592,2548664.1879999996,1451770.74,101250,1752,8940,125,4828,3690,100736,397,80608,11712,7928,895,64839,36371,66894,34340,1616,3987,37792,34349,10019,4889,2900,2156,1489,534,1514,0,618,858,4356,3756,62386,21987,6993,251,43.45679012345679
97,New Jersey,2018,35,3483990,220184,1504771,518514,899031,1277986,503245,716968,1160840,1002042,351164,8162928,4558134,1340091.396,1162324.17,2502415.5659999996,1403905.2719999999,101223,2042,9506,139,5532,3235,100614,443,79650,12085,8538,806,65849,35335,67001,34204,1682,3405,37755,35028,9848,4652,2903,2221,1538,542,1641,0,580,926,4375,3725,62557,21847,6963,215,34.57712180038134
98,New Jersey,2019,36,3452569,204323,1558984,451280,923627,1405397,484758,700346,1178993,999313,330710,8239991,4539599,,,,,99585,2110,9400,140,6006,2740,98926,415,77904,11880,8916,728,65629,33554,66158,33414,2023,2980,37087,34721,9673,4690,2831,2215,1547,565,1246,0,577,886,4231,3798,62478,20755,6473,231,36.15002259376412
99,New York,2011,64,7909435,874314,2536519,1720531,1123763,1246611,1537699,2065283,2967797,2173420,1296057,17542598,10027190,3048265.76,2376444.03,5424709.789999999,2847721.96,241312,3399,13729,252,7264,14450,238591,2130,206007,9396,24425,1367,157862,82425,142024,99288,1617,7761,78221,86606,29293,12520,7172,4908,3938,2040,6988,0,1584,2209,9962,8312,137677,60345,19551,1242,26.52168147460549
100,New York,2012,58,7908456,853028,2636363,1673769,1148607,1295960,1502449,2057422,3007105,2165268,1282618,17625756,10084389,3085823.034,2309325.081,5395148.115,2783291.364,240916,3474,14452,277,7069,14197,238166,2177,204901,10321,24109,1425,157872,82303,142548,98368,1532,8467,78141,87217,27807,12253,6860,4798,3941,2110,7544,0,1608,2179,9862,8177,139765,58446,19348,1061,24.074781251556562
101,New York,2013,63,7903762,835504,2660422,1620576,1203221,1437902,1536842,2021998,2889181,2138055,1255571,17597180,10084389,2884135.254,2632025.529,5516160.783000001,2863966.476,236980,3477,14325,783,7493,13261,234113,2212,200038,11223,23978,1603,155175,81117,141762,95218,1425,9247,79780,84415,25673,11137,6542,5015,4379,2183,6933,0,1485,2011,9571,7926,135650,58620,20097,1139,26.584521900582324
102,New York,2014,61,7915339,824462,2701518,1602806,1248645,1511528,1479272,2043183,2892706,2179892,1265870,17741175,10171918,2848137.0400000005,2665042.5160000003,5513179.556000001,2726074.024,238773,3834,16138,727,8764,12753,235698,2325,200174,12237,24629,1579,157171,80586,144115,94658,1396,15445,97034,70258,20885,9693,5992,4839,3868,1591,7749,0,1419,2055,9659,7913,136658,58852,20685,1166,25.54727712094751
103,New York,2015,64,7903480,790348,2778088,1538092,1332565,1585394,1439344,1950650,2863649,2143406,1210973,17623407,10179199,2962146.9090000005,2473545.357,5435692.266000001,3226806.083,237274,3942,17947,711,14317,11739,234168,2331,195890,14122,25305,1816,156486,80032,143540,93734,1222,14638,98738,71042,19591,8922,5415,4618,3814,1542,7713,0,1425,2060,9139,7856,136118,58480,20765,1104,26.97303539367988
104,New York,2016,65,7853751,772307,2805032,1454602,1387192,1762028,1413576,1895468,2747671,2164000,1165001,17577856,10163239,3008318.7440000004,2561136.228,5569454.971999999,2896523.1149999998,234283,4371,19500,742,14897,11143,231201,2330,192694,14576,25147,1731,154821,78999,144143,90140,1235,15642,99215,70216,18940,8343,5241,4823,3935,1630,5044,0,1324,2014,9522,8046,135834,56139,20054,1008,27.744223866008202
105,New York,2017,46,7836630,749513,2851839,1433134,1481289,1947056,1353111,1893215,2785947,2173543,1153679,17819133,10211503,2961335.8699999996,2583510.259,5544846.128999999,3032816.391,229737,4452,19773,465,13188,10348,226534,2339,189696,14381,23750,1767,151118,78082,142474,87228,1390,13727,95125,72032,18805,8270,5190,4480,3765,1566,5365,0,1356,1995,9467,7725,133305,54802,19656,1012,20.022895746005215
106,New York,2018,66,7665284,773424,2978173,1419828,1550684,2119379,1327147,1825698,2722064,2183053,1073951,17977543,10050896,2975065.2160000005,2743894.608,5718959.824000001,2633334.7520000003,226238,4646,20343,602,14218,9750,222922,2477,187729,13928,22684,1752,149324,76470,141425,84767,1325,12555,94631,70640,18290,8012,4985,4329,3549,1536,6356,0,1247,1961,9185,7830,132054,54291,18336,942,29.172818005816882
107,New York,2019,76,7582449,705660,3055879,1275638,1667443,2431274,1221902,1781628,2720617,2195309,1064093,18116239,10002751,3050839.0549999997,2770762.027,5821601.082,2940808.7939999998,221539,4864,20013,556,15221,8821,218297,2458,182529,13881,23260,1713,147692,73485,138441,83049,1690,12223,94589,69070,17116,7640,4796,4020,3558,1522,5298,0,1249,1908,9226,7874,133051,50924,16149,775,34.30547217419958
108,North Carolina,2011,11,3912316,548203,1029711,1074916,348601,301145,1054976,1335036,1710591,1052240,696980,9154870,4968558,1485598.842,1490567.4,2976166.242,1425976.146,120389,2308,7519,345,6115,13103,119239,672,101688,2742,14815,726,83785,36583,71152,49237,1640,9338,36060,40386,15095,7219,4124,2439,1490,694,1796,0,1024,1245,5427,4512,71557,26302,9668,459,9.137047404663216
109,North Carolina,2012,10,3927374,531182,1044082,1052953,329611,333879,1045924,1355900,1725379,1129365,704757,9258582,5001026,1515310.878,1480303.6960000002,2995614.5740000005,1375282.1500000001,119831,2344,7585,329,6169,12771,118670,605,101011,2723,14933,725,83138,36670,70661,49170,2017,9089,36266,40324,14554,7049,3901,2297,1534,697,1971,0,1001,1201,5376,4421,71635,26118,9479,435,8.345085996111191
110,North Carolina,2013,15,3949218,497366,1044031,1047342,378922,382494,1043035,1371969,1734575,1121694,683627,9301316,5001026,1515310.878,1510309.852,3025620.73,1400287.28,119002,2337,7501,265,6447,12303,117797,648,100274,2781,14977,751,82865,36123,69703,49299,2514,8993,35518,39933,14273,6856,4045,2494,1676,831,1712,0,1042,1243,5168,4274,70455,26390,9845,406,12.604830170921499
111,North Carolina,2014,34,3974214,522996,1112638,1018717,398193,384008,1050691,1393510,1719200,1139020,647313,9385114,5101561,1515163.6169999999,1586585.471,3101749.088,1249882.445,120975,2259,7439,247,6644,11893,119756,624,100633,3485,16037,592,85228,35728,71401,49574,2234,10014,42564,36001,12557,6786,4031,2862,1804,704,1392,0,965,1201,5192,4361,71365,26822,10401,538,28.104980367844597
112,North Carolina,2015,43,3998351,504948,1187371,1031487,422018,438191,1030134,1378202,1735987,1170488,614249,9516940,5146796,1523451.6160000002,1610947.148,3134398.7640000004,1394781.716,120843,2298,7534,324,7226,11300,119505,659,100670,4272,14907,670,85379,35415,71295,49548,2692,7372,42608,38327,12970,6651,3866,2736,1856,660,1091,0,1053,1253,5395,4551,71421,26237,10346,488,35.58336022773351
113,North Carolina,2016,38,4031161,492327,1236044,952761,473532,480619,990134,1347623,1813515,1248093,608008,9629301,5213407,1511888.0299999998,1736064.5309999997,3247952.561,1313778.564,120779,2635,8142,474,8107,10780,119281,604,100547,4514,14855,561,85204,35549,71944,48835,1928,8292,44203,37488,12392,6726,3773,2700,1857,723,691,0,969,1210,5749,4556,71805,26160,9803,419,31.462423103354062
114,North Carolina,2017,35,4055443,450394,1364449,940774,544240,550506,953786,1342370,1818134,1260891,592233,9817797,5274881,1545540.133,1782909.778,3328449.9109999994,1366194.179,120125,2854,8973,546,8731,10403,118286,642,98944,4273,15718,593,84828,35271,70943,49164,2159,7177,42903,39118,12321,6457,3651,2793,1923,802,799,0,933,1339,5607,4646,72838,25015,9292,334,29.136316337148806
115,North Carolina,2018,25,4083773,422531,1426140,917246,543215,640806,950738,1365277,1826267,1289627,563917,9943160,5331376,1631401.0559999999,1807336.464,3438737.52,1444802.8960000002,118954,3154,9143,543,9390,9936,117201,624,97354,4805,15012,964,83935,34982,70304,48632,2247,6325,41313,40485,12005,6323,3638,2822,1998,844,921,0,868,1190,5660,4585,73229,24630,8415,274,21.016527397145115
116,North Carolina,2019,46,4105539,398589,1523236,859170,621103,691771,901545,1323374,1813637,1340549,543662,10018775,5393757,1564189.5299999998,2017265.118,3581454.648,1494070.6889999998,118725,3326,8820,492,9332,8991,117112,716,95141,5409,15664,1322,84203,34483,69370,49341,2942,5251,40941,41119,11823,6065,3654,2823,2219,875,995,0,938,1229,5596,4835,75511,23277,7049,205,38.74499894714677
117,Ohio,2011,35,4610317,622410,1322049,1233418,424646,336440,1228471,1617380,2194193,1387837,856510,11215074,5903423,1765123.477,1629344.7480000001,3394468.2249999996,1688378.9780000001,137918,2930,9491,1137,7513,24018,135858,1287,107730,18836,9569,1000,94439,42845,78058,59860,1310,5202,42935,47358,15611,7106,4290,2980,2029,868,8114,0,1081,1386,6248,5276,87156,28569,7354,453,25.37739816412651
118,Ohio,2012,39,4586943,601798,1352430,1235350,437061,390999,1167259,1628902,2171435,1423765,832239,11240769,5901591,1740969.345,1752772.527,3493741.8720000004,1599331.161,138483,2911,10105,1193,8150,23495,136349,1428,107522,19004,10039,1014,95504,42736,77764,60719,1545,5110,41240,48487,15659,7329,4486,3139,2192,1035,8149,0,1101,1549,6304,5398,87376,28576,7273,412,28.162301509932625
119,Ohio,2013,30,4577106,550449,1438039,1188604,477604,425334,1185027,1603173,2127874,1424899,825035,11247699,5901591,1693756.6169999999,1817690.028,3511446.645,1746870.9360000002,138936,3283,10655,1120,8722,23030,136733,1500,107814,19563,9444,1087,95753,43130,78158,60778,1846,4448,41108,49285,16272,7699,4828,3201,2222,1113,6738,0,1085,1348,6353,5369,88211,28048,7345,492,21.592675764380722
120,Ohio,2014,22,4562752,548434,1486227,1171532,509397,445789,1136447,1580100,2154648,1444464,806924,11291063,5917577,1727932.484,1923212.5250000001,3651145.009,1538570.02,139467,3618,10770,922,9414,22594,137261,1487,107692,19967,9727,1052,96857,42598,78847,60620,2589,4860,53391,43514,13851,7207,4458,3511,2426,1006,2627,0,970,1467,6445,5337,89191,27775,7684,410,15.774340883506493
121,Ohio,2015,41,4547788,519464,1575629,1109458,557604,483663,1134940,1557510,2147125,1489117,750444,11337196,5929472,1956725.76,1683970.048,3640695.8079999997,1666181.6320000002,139264,3805,11210,404,9919,21150,136993,1471,105775,20897,10345,1168,96885,42333,78939,60325,2203,4558,53900,44488,13495,6891,4403,3439,2393,908,2568,0,944,1376,6377,5530,88722,27989,7735,423,29.44048713235294
122,Ohio,2016,36,4519461,516517,1625811,1070067,570141,537757,1065982,1543079,2188878,1508711,745227,11370954,5922773,1759063.581,1901210.1330000001,3660273.714,1693913.0780000002,138085,4195,11645,357,11147,19764,135808,1498,103092,22263,10594,1059,95520,42513,78765,59320,2088,3321,52360,46993,13621,6842,4280,3429,2326,914,1896,0,1044,1363,6338,5565,88256,27246,7689,388,26.07089835970598
123,Ohio,2017,42,4512371,488850,1718527,1041193,624874,567158,1094511,1532694,2146820,1557920,710091,11471185,5949355,1778857.145,2028730.0550000002,3807587.2,1844300.05,136832,4317,12001,454,11752,18917,134541,1482,100250,23229,11134,838,95397,41376,77724,59091,2042,2602,52144,47563,13309,6867,4212,3258,2341,938,1546,0,969,1400,6217,5502,88166,26735,7351,324,30.694574368568755
124,Ohio,2018,27,4501529,469432,1794462,998676,667702,636423,1045550,1492657,2116154,1562530,702778,11483461,5957347,1775289.406,2043370.0209999997,3818659.426999999,1697843.8949999998,135134,4434,12334,279,12665,17760,132739,1529,98361,23066,11498,809,93528,41558,76788,58331,2002,2753,52207,47599,12738,6454,3987,3157,2172,818,1230,0,881,1307,6117,5466,88193,25893,6780,337,19.9801678334098
125,Ohio,2019,47,4476690,437496,1840772,968243,750898,718557,1030269,1431953,2183807,1587203,635193,11587352,5956893,1763240.3280000002,2126610.8010000004,3889851.1290000007,1810895.472,134461,4679,12564,296,13696,15906,132050,1599,96884,23443,11863,810,92765,41636,75850,58595,2055,2716,51985,48108,12653,6316,3768,2975,2091,817,958,0,924,1404,6383,5324,90037,24414,5478,309,34.95437338707878
126,Oklahoma,2011,20,1492383,222423,391241,426531,101361,97057,423476,545342,689256,428774,274421,3600616,1913665,547308.1900000001,602804.475,1150112.665,606631.805,52272,967,2436,264,2071,7703,51856,361,38179,11395,2266,243,34392,17876,30426,21846,926,1832,14027,17137,7009,3405,2080,1426,1123,532,2695,0,355,499,2511,2260,35640,9077,1623,142,38.26140189776554
127,Oklahoma,2012,15,1497619,209050,380839,424084,116647,109054,405520,543316,695680,440559,267940,3595599,1925013,573653.874,604454.082,1178107.956,560178.783,52751,892,2517,273,2441,7378,52301,383,37703,12566,2017,257,34929,17814,30452,22299,1054,1880,14663,17737,6495,3156,1995,1312,1020,509,2851,0,395,432,2427,2430,36112,8932,1655,146,28.435479896115712
128,Oklahoma,2013,20,1507421,190221,409955,404659,122923,118345,404250,546910,707257,434845,259022,3597451,1925013,590978.991,619854.186,1210833.177,656429.4330000001,53369,802,2602,216,2357,7056,52878,383,37154,13624,2157,299,35327,18039,30858,22511,1085,1974,14895,17544,6499,3109,1839,1305,1003,512,3535,0,316,492,2544,2243,36589,9197,1745,128,37.47493863478799
129,Oklahoma,2014,13,1514903,188008,432462,399169,142142,136144,396240,517428,715201,451022,250503,3630291,1957489,598991.634,636183.925,1235175.5590000001,595076.656,53339,966,2792,298,2666,6925,52687,532,35852,14477,2477,256,35681,17651,30827,22512,984,2711,18872,15815,5390,2868,1806,1505,1046,350,1987,0,373,490,2398,2210,36546,9213,1893,140,24.372410431391664
130,Oklahoma,2015,14,1523321,182086,454622,396916,150961,145135,377004,529099,708264,455106,245502,3645210,1971783,597450.249,670406.2200000001,1267856.469,652660.1730000001,53122,1072,2782,349,2713,6465,52446,555,34877,15040,2661,298,35895,17227,30920,22202,816,2659,19508,16552,5329,2699,1677,1353,979,353,1193,0,315,481,2400,2265,36598,9043,1821,135,26.354429426602913
131,Oklahoma,2016,20,1522033,178691,474787,375872,160271,147144,385630,514222,697027,464409,250959,3648781,1980288,605968.128,637652.736,1243620.864,617849.856,52592,1114,2954,287,3029,6162,51874,571,34272,15294,2389,390,35775,16816,30367,22225,946,2152,18857,16402,5571,2864,1781,1362,1066,400,1187,0,330,446,2472,2329,36423,8626,1764,145,38.028597505324
132,Oklahoma,2017,22,1520559,177988,474515,378237,167962,150901,388271,508241,689499,475975,234702,3646312,1981878,576726.498,715457.958,1292184.456,689693.544,50214,1250,3041,332,3063,5614,49507,543,32630,14737,2013,477,34058,16156,29102,21105,929,2027,19120,15242,5118,2557,1542,1273,921,314,1168,0,342,503,2417,2305,35000,7883,1610,102,43.8124825745808
133,Oklahoma,2018,17,1520042,164514,506946,358039,179447,176048,362631,519415,704610,484320,230923,3686910,1993003,577970.87,737411.11,1315381.98,579963.873,49800,1385,3323,255,3486,5290,49042,516,32408,14719,1932,408,33454,16346,28780,21010,821,1880,19462,15230,4829,2453,1532,1282,883,345,1077,0,328,478,2537,2310,35379,7327,1306,92,34.136546184738954
134,Oklahoma,2019,14,1520889,155429,548818,335436,203057,196168,351240,498678,698292,493329,223473,3703938,1994494,624276.622,741951.7680000002,1366228.3900000001,710039.8640000001,49143,1496,3464,323,3630,4754,48408,505,31218,15291,1789,487,33359,15781,27696,21436,940,2054,19811,15123,4586,2314,1543,1173,772,293,530,0,307,457,2474,2387,35523,6736,1140,76,28.488289278228844
135,Pennsylvania,2011,23,5028160,629299,1599828,1272450,558554,521468,1229218,1702106,2369219,1573906,781975,12249371,6526048,2016548.832,1801189.2480000001,3817738.0799999996,1846871.5840000003,143178,2470,8074,0,6672,21272,138924,2708,110499,15525,14165,959,98129,44918,83417,59761,1997,2431,40852,55378,15998,8010,5030,3379,2451,1080,6472,0,977,1411,6106,5009,82428,34143,11280,627,16.063920434703654
136,Pennsylvania,2012,30,5006702,599046,1661383,1248963,591616,555203,1227604,1658751,2340422,1648906,771564,12302663,6534203,1881850.4640000002,1907987.2759999998,3789837.7399999998,1672755.968,142514,2425,8539,0,6822,20560,138057,2569,108783,15502,15046,1012,97417,44870,82808,59706,1818,3007,41591,54279,15597,7784,4918,3371,2355,1015,6681,0,1056,1401,5981,4884,82837,33287,11215,595,21.050563453415105
137,Pennsylvania,2013,35,4985012,579477,1715425,1189416,624586,616495,1213027,1635579,2294640,1596386,761443,12232566,6534203,1829576.84,1940658.291,3770235.1310000005,1836111.0430000003,140921,2435,8433,0,7031,19499,136372,2537,106632,15051,16075,1049,96674,44072,82318,58603,2068,3193,41769,52219,15138,7480,4544,3331,2436,1126,7490,0,944,1375,5874,4797,81194,33297,11624,594,24.836610583234577
138,Pennsylvania,2014,35,4967641,559906,1761919,1160045,669727,638794,1156738,1635616,2293067,1623033,754337,12256386,6533959,1888314.1509999998,1901382.0690000001,3789696.2199999997,1600819.955,142268,2519,8843,0,7018,18939,137671,2472,103708,17676,15609,1365,98930,43299,83885,58383,2431,3565,53542,45915,13010,6841,4517,3387,2377,770,5903,0,908,1299,6094,4910,83033,32917,12228,582,24.60145640621925
139,Pennsylvania,2015,32,4951499,516853,1827074,1121948,716862,710770,1137535,1588379,2290077,1665457,709944,12278829,6540257,1955536.8429999999,1968617.3569999998,3924154.1999999997,1935916.0720000002,141047,2614,8641,0,7197,17295,136283,2542,101234,18549,15620,1396,98596,42421,82966,58081,2164,3467,52064,46383,12936,6997,4498,3483,2498,822,5723,0,877,1291,6167,4800,82733,32325,11915,603,22.687472970002908
140,Pennsylvania,2016,41,4917355,497868,1905582,1097020,758912,750823,1098901,1544352,2264233,1615863,678339,12217103,6521357,1962928.457,1910757.6009999998,3873686.0580000007,1610775.179,139409,2630,8637,826,7689,15875,134607,2641,99645,18450,18232,1118,97818,41560,82729,56680,2090,4044,54561,46087,12104,6346,3850,3135,2275,914,3980,0,904,1258,5761,4969,82654,31310,11740,509,29.40986593405017
141,Pennsylvania,2017,39,4902650,478400,1951667,1049419,815909,855530,1061090,1476862,2238344,1692756,768238,12394588,6533016,1979503.848,1992569.88,3972073.728,1692051.144,137745,2830,9180,833,8552,15026,132880,2611,98423,18710,17423,1198,95657,42051,81285,56451,2189,4171,53066,45958,11814,6281,3933,3123,2406,1140,3630,0,911,1315,5759,4911,82271,30319,11495,473,28.313187411521287
142,Pennsylvania,2018,29,4876574,475311,2072657,1030405,872383,926733,1080285,1493184,2229319,1681739,695589,12553131,6535440,1921419.3599999999,2012915.52,3934334.88,1758033.3599999996,135673,2988,9850,908,9149,13874,130727,2638,95900,18936,17670,1088,94789,40845,80340,55324,2324,4246,51106,46493,11075,6194,3941,2967,2221,858,4226,0,830,1229,5678,5113,82059,29252,10770,446,21.37492352936841
143,Pennsylvania,2019,39,4845334,445203,2123333,957516,945693,1038690,1019417,1479280,2206638,1747403,658041,12611850,6529462,1998015.372,2167781.384,4165796.756,1743366.354,134230,3090,10090,1332,10342,12446,129314,2606,94126,17826,19132,981,93677,40530,79366,54854,2669,5743,51294,44145,10613,5673,3666,2952,2376,912,4163,0,855,1233,5961,5193,83566,27467,9278,389,29.0546077627952
144,South Carolina,2011,19,1882063,270222,487828,530165,141844,113702,498124,649330,831007,499253,370005,4392702,2404948,683005.232,793632.8400000001,1476638.072,709459.6599999999,57393,1563,3421,0,3036,6406,56696,255,53446,896,2227,209,37204,20169,30375,27018,626,1912,19144,18620,7172,3735,2314,1621,1226,519,414,0,463,683,2852,2581,38161,10376,2121,102,33.10508250135034
145,South Carolina,2012,16,1889660,260087,473306,528751,155919,135928,492366,663716,830598,509195,365752,4413848,2427942,713814.948,801220.86,1515035.808,694391.4120000001,57155,1431,3573,0,3297,6286,56343,282,52616,1173,2509,207,36891,20236,29753,27402,586,1782,18666,19093,7262,3679,2376,1599,1124,559,348,0,459,665,2854,2447,38008,10383,2172,114,27.99405126410638
146,South Carolina,2013,17,1901095,246698,508487,507225,156642,130780,515726,637897,820889,539367,365809,4430740,2427942,723526.716,810932.6279999999,1534459.344,708959.064,56795,1250,3948,0,3822,6211,56001,307,52310,1177,2438,218,36890,19893,29916,26879,584,1644,18067,18877,7458,3781,2362,1667,1158,538,593,0,458,713,2818,2322,37540,10518,2280,103,29.932212342635797
147,South Carolina,2014,24,1915936,257232,525098,514087,170876,152426,496232,669866,832547,550346,331804,4501157,2481123,744336.9,803883.8520000001,1548220.752,692233.3169999999,57627,1483,4372,0,4079,6439,56831,340,52981,1255,2633,278,37837,19778,30366,27261,642,1989,21462,17730,6357,3663,2270,1660,1153,379,319,0,428,677,2823,2267,37780,10805,2695,115,41.64714456765058
148,South Carolina,2015,20,1933616,246763,551486,497474,185451,170073,483384,653298,885724,583632,326436,4582926,2511050,735737.6499999999,831157.55,1566895.2000000002,733226.6,58139,1600,4336,0,4024,5695,57274,353,52870,1363,3081,329,38497,19594,31096,27043,812,2013,20925,18313,6584,3624,2282,1756,1217,433,170,0,492,651,2888,2379,37619,11232,2720,111,34.40031648291165
149,South Carolina,2016,28,1948628,226611,605252,455054,212455,198433,488864,659138,860910,593821,329629,4627955,2555776,761621.248,856184.9600000001,1617806.208,746286.592,57342,1697,4380,0,4248,5231,56393,396,51809,1681,3035,355,38113,19208,31377,25965,876,1965,20530,18730,6440,3362,2081,1683,1144,411,114,0,464,659,2891,2368,37419,10764,2633,116,48.82982804924837
150,South Carolina,2017,24,1962982,211213,630384,477199,231209,226949,490564,637667,877649,597668,331031,4711907,2587467,742603.029,908200.9170000001,1650803.946,789177.4349999999,57029,1775,4210,0,4737,4793,56065,406,51006,1991,3146,318,37890,19130,30723,26298,919,1690,21171,18818,6206,3376,1897,1438,1046,360,106,0,450,625,2917,2386,37877,10333,2314,83,42.083852075259955
151,South Carolina,2018,16,1977950,210325,647664,454653,248695,249591,476831,627942,890242,635574,313408,4751534,2615420,763702.6399999999,946782.0400000002,1710484.6800000002,784626.0,56669,1950,4395,0,4945,4649,55732,393,50647,2326,2871,319,37667,18994,30508,26157,1202,1728,22474,17819,5522,3080,1883,1424,1015,410,111,0,447,617,2876,2467,38319,9706,2096,100,28.23413153576029
152,South Carolina,2019,24,1992156,181855,733322,416645,313710,301347,430513,657073,892458,647323,305146,4880700,2663713,804441.326,980246.384,1784687.7100000002,823087.317,57038,2031,4320,0,4935,4213,56224,361,51353,2011,2922,273,38070,18955,30419,26614,1032,2192,23397,17528,5197,3061,1796,1368,955,338,170,0,439,677,2969,2426,39799,8955,1655,73,42.07721168343911
153,Texas,2011,130,10454393,1137189,2898012,2406509,1064092,1059672,2311756,3051768,3994281,2651707,1561788,22130623,12933519,3737786.991,3867122.181,7604909.171999999,3673119.3959999997,377445,4272,18540,365,19122,17516,373511,1887,344428,15941,11297,2818,244132,133291,218737,158708,14651,22574,103202,111962,52555,27645,17070,11418,8037,4101,3685,0,2502,3579,18118,16040,253669,66259,15109,1884,34.44210414762416
154,Texas,2012,159,10573091,1103279,3019921,2327360,1149921,1139980,2288406,3064101,4039828,2751005,1532759,22434521,13113985,3829283.6199999996,3934195.5,7763479.120000001,3803055.65,382727,4041,19280,396,19850,16965,378304,2057,349144,16235,11924,2736,247441,135259,221619,161108,14425,23615,102156,114452,52926,27808,17190,11655,8478,4435,5018,0,2627,3799,17907,15696,259934,66167,14573,1731,41.54397259665506
155,Texas,2013,167,10697806,1051742,3168363,2323419,1246515,1298381,2275342,3107296,4083585,2730574,1489223,22774459,13113985,3816169.6350000007,4222703.17,8038872.805,4393184.975000001,387340,4701,19077,337,19874,16807,382725,2011,352443,17296,12236,2464,250916,136391,223705,163635,14145,21968,102729,116361,52610,27773,17075,11526,8683,4532,9304,0,2545,3608,17813,16221,261378,68909,15056,1509,43.11457634119895
156,Texas,2014,147,10892473,1089935,3289263,2284415,1314523,1431503,2236387,3050427,4121768,2847853,1483988,23157628,13572641,4126082.864,4166800.787,8292883.651,4071792.3,399766,4944,22113,470,22292,15687,394284,2424,360894,19499,12665,3313,260300,139438,233012,166754,14067,28652,123560,108639,47688,25983,16110,12031,8765,3634,10585,0,2719,3773,18281,16446,268331,72128,16183,1620,36.771511334130466
157,Texas,2015,157,11069496,979167,3453275,2242327,1416290,1584401,2256030,3083950,4225256,2949719,1372379,23552302,13843701,4070048.0939999996,4582265.031,8652313.125,4319234.712,403618,5231,22192,455,23924,14521,398159,2295,363960,20806,12423,2851,264701,138811,236102,167516,12864,28521,125270,112668,48202,25793,15562,11842,9496,3812,9538,0,2637,3724,18327,16222,271513,73093,16266,1552,38.89816608773642
158,Texas,2016,153,11182184,973518,3592485,2143077,1491399,1713130,2255136,3073676,4265665,2957428,1374350,23828521,14031643,3900796.754,4854948.478,8755745.232,3984986.6119999997,398047,4952,22728,342,24273,12978,392471,2316,358476,20387,13100,2178,260679,136950,233496,164551,13524,26824,122630,112897,47016,25339,16095,13442,9764,3968,6500,0,2649,3827,18428,16367,270354,69228,15394,1308,38.43767193321392
159,Texas,2017,147,11325577,895332,3782576,2069611,1627911,1790098,2147160,3019486,4303779,3081945,1408839,24126757,14241895,4471955.03,4571648.295,9043603.325,4828002.404999999,382050,5284,23223,297,25241,11394,376488,2378,343469,19396,12857,2062,248208,133566,225447,156515,13482,26541,120378,109706,43746,23330,14119,12188,8881,3899,5731,0,2591,3647,17776,16232,261014,64967,14226,1193,38.476639183352965
160,Texas,2018,94,11458528,921878,3873741,2013092,1757334,1986888,2108483,2983454,4291399,3095222,1390803,24424140,14451661,3930851.7920000004,5231501.282000001,9162353.074000001,4162078.3680000007,378624,5743,23343,381,26995,10239,373168,2428,338268,20454,13656,2358,245950,132626,223883,154645,12073,27390,121511,108843,43196,22024,13585,10766,8726,3938,6502,0,2500,3538,18137,16480,262598,60681,13376,1075,24.826741041244084
161,Texas,2019,89,11552850,815537,4159610,1919828,1951768,2221716,1988437,2939761,4373526,3263972,1303057,24924818,14610119,4514526.771,5098931.5309999995,9613458.302,4295374.986,377599,5434,24004,319,27834,9206,372156,2618,334684,20176,11614,4963,246089,131190,221191,156307,13083,28416,120476,107216,42263,22323,13694,10604,8076,4346,7026,0,2517,3550,18384,17043,267212,56123,11835,750,23.569977674729014
162,Washington,2011,14,2727051,274867,994585,561444,366558,325432,601103,881333,1271369,920396,368525,6568660,3421977,1002639.2609999999,852072.273,1854711.5340000002,756256.917,86976,1078,6093,0,4743,7749,84201,1635,73375,2498,7571,941,61962,25014,58421,28555,1103,3065,25186,31234,9989,4549,2761,1955,1405,710,4946,0,335,663,3300,2794,48543,21851,8504,597,16.096394407652685
163,Washington,2012,17,2740008,254997,1042733,552840,385842,347935,579058,871450,1269993,894092,379132,6575457,3455583,943374.1590000001,908818.329,1852192.4880000001,691116.6000000001,87463,1098,6655,0,4925,7637,84453,1743,73220,2722,8098,656,62133,25330,59051,28412,754,3003,26398,31354,9838,4607,2620,1856,1452,656,4838,0,438,616,3233,2947,49800,21554,7960,588,19.436790414232302
164,Washington,2013,20,2750390,250985,1049679,551363,420294,386732,582226,831467,1239675,900844,386609,6598189,3455583,953740.908,957196.4909999999,1910937.3989999997,701483.349,86577,1239,6762,227,4775,7295,83365,1856,71722,3177,8063,608,62064,24512,58222,28355,745,2626,26511,31205,9440,4335,2520,1847,1409,681,5171,0,400,655,3283,2660,48849,21217,8572,660,23.100823544359358
165,Washington,2014,20,2771382,241087,1100417,526336,457319,435528,555678,837896,1256082,918059,361387,6688478,3531933,1098431.163,918302.5800000001,2016733.7430000002,649875.672,88585,1270,7343,165,5272,7016,85159,2049,72093,3943,8878,663,64109,24476,60135,28450,796,3407,33892,26864,7977,4116,2589,1999,1505,551,4880,0,424,627,3307,2749,49674,21473,9452,766,22.57718575379579
166,Washington,2015,11,2802782,225352,1155115,484902,486398,516452,553554,841311,1243485,976540,340166,6820963,3585130,1071953.8699999999,928548.67,2000502.5399999998,702685.48,88990,1373,8042,118,5570,6391,85461,2029,71140,4632,7668,2396,64520,24447,60414,28576,831,2849,34917,27886,7466,3901,2523,2041,1649,611,4299,0,444,683,3284,2777,49910,21534,9569,694,12.360939431396787
167,Washington,2016,12,2835971,228961,1227483,471749,538988,586755,511075,817458,1240193,976982,321202,6925024,3648274,1054351.186,1010571.8979999999,2064923.0839999998,704116.882,90505,1418,8509,79,5702,6204,87009,1926,69936,5578,6226,5784,65577,24803,61770,28735,921,2558,35125,29080,7689,3850,2390,2139,1717,642,4382,0,366,659,3360,2970,51316,21464,9608,678,13.258935970388377
168,Washington,2017,24,2872800,215881,1307185,452804,600263,670113,490691,782464,1248888,996028,326846,7099290,3707128,1034288.7119999999,1004631.6880000001,2038920.4000000001,748839.8559999999,87562,1688,8783,92,6211,5887,84265,1877,67158,5652,6840,5392,63216,24190,59844,27665,918,2334,34860,27504,6967,3496,2266,1985,1550,558,5110,0,361,606,3338,3014,50882,19792,8886,560,27.40915008793769
169,Washington,2018,21,2907975,189688,1352643,445996,669894,774708,474696,795249,1253659,998087,292264,7246041,3768732,1104238.476,1055244.9600000002,2159483.4359999998,678371.76,86085,1744,9027,86,6676,5091,82848,1822,64514,6104,7950,4853,61998,23980,59282,26760,712,2124,32469,27734,6902,3369,2169,1931,1427,540,6691,0,407,587,3183,2944,50702,19368,8270,472,24.394493814253355
170,Washington,2019,31,2923476,189728,1405428,421387,723614,915909,443373,722149,1207880,1001507,283779,7313326,3807321,1123159.6949999998,1066049.8800000001,2189209.5749999997,750042.237,84895,1825,9234,74,7350,4485,81831,1745,62176,7526,8761,3645,61147,23579,58266,26588,697,2386,32071,26572,6642,3269,2159,1874,1479,572,7157,0,348,572,3181,3052,51301,18407,7455,384,36.51569585959126
